t,DHbO2,DHHb,CCO,DHbT,DHbdiff,CBF,SaO2sup,P_a,temp
0.0,-0.019897469033686832,-0.8799958551334299,0.06355220600049806,-0.8998933241671168,0.8600983860997431,0.007829853250274792,0.99,52.39895705,38.92487900645453
10.0,0.008326817119868934,-0.8975236657409127,0.063640289482554,-0.8891968486210473,0.9058504828607816,0.007845627441961362,0.99,52.66390135,38.92200356078547
20.0,-0.10128032830232314,-0.8476343939696882,0.06344432342584862,-0.9489147222720078,0.7463540656673651,0.007792810615025787,0.99,51.94646,38.91919124511716
31.0,0.35897988350909316,-1.0815216315893128,0.06445244489643816,-0.7225417480802179,1.440501515098406,0.008035483651768751,0.99,55.7018226,38.91646984509353
41.0,-0.47873457476241654,-0.7831674143116807,0.06320395515615364,-1.2619019890741043,0.30443283954926414,0.0077228587922353945,0.99,52.61894834,38.91386079658338
51.0,-0.08083671124056124,-0.8833218126822402,0.06366991875853986,-0.9641585239227979,0.802485101441679,0.007823077509623485,0.99,52.70130602,38.911376870791464
61.0,-0.22050788870619797,-0.7743174911750614,0.06323753401510004,-0.9948253798812559,0.5538096024688635,0.007712571668089803,0.99,50.582684,38.90902053876858
71.0,0.3049008232317867,-0.9809497742636957,0.06415337902872648,-0.6760489510319019,1.2858505974954824,0.007921236336590691,0.99,52.80528933,38.90678323429404
82.0,-0.10947926994636248,-0.8222610330239704,0.06351640864638607,-0.9317403029703399,0.7127817630776079,0.007756619577984241,0.99,51.07307705,38.90464565393745
92.0,0.21761953550087654,-0.9597937969287109,0.06413370996665343,-0.7421742614278415,1.1774133324295875,0.007895365050617133,0.99,52.70969128,38.902579134535145
102.0,0.23166927149480543,-1.0286048804381291,0.0644412993282344,-0.796935608943329,1.2602741519329346,0.007965579052157742,0.99,54.655548,38.90054804018466
112.0,-0.27048950317857035,-0.859279110601566,0.06374996696094204,-1.1297686137801364,0.5887896074229957,0.0077877070749348435,0.99,53.10299333,38.89851298388679
122.0,-0.2640129289161699,-0.7999282927904368,0.06353175482716669,-1.0639412217066067,0.5359153638742669,0.007727673812922099,0.99,51.35337419,38.89643461453916
133.0,0.15284843957428507,-0.9567535119174551,0.0642325811291116,-0.80390507234317,1.1096019514917401,0.007885708786918392,0.99,52.93302895,38.894277628680314
143.0,-0.05628697638853808,-0.8930001154848526,0.06397771271124561,-0.9492870918733871,0.8367131390963145,0.007818102614281262,0.99,52.48971115,38.892014626488475
153.0,-0.09996465746417016,-0.8533822975474727,0.06382606406430208,-0.9533469550116394,0.7534176400833026,0.007776718110417551,0.99,51.63672583,38.88962942823994
163.0,0.13784120555765256,-0.9489584333224741,0.06424062611203844,-0.8111172277648251,1.0867996388801267,0.007872832897231919,0.99,52.705301,38.88711950271643
173.0,0.10765573935039541,-0.9761193971401525,0.06435263147702366,-0.8684636577897606,1.083775136490548,0.00789897840336266,0.99,53.68452829,38.88449723152491
184.0,-0.17932319718120837,-0.859744619891071,0.06387010865409228,-1.0390678170722722,0.6804214227098626,0.007777764087218349,0.99,52.24627226,38.88178983750974
194.0,-0.13934712910769775,-0.820488128768428,0.06370992022381967,-0.9598352578761222,0.6811409996607303,0.00773780063863337,0.99,50.87056111,38.87903793148852
204.0,0.283485195356743,-0.995522549485166,0.06444809598706143,-0.7120373541284195,1.279007744841909,0.007915069692747325,0.99,52.92367483,38.8762927657349
214.0,0.2436107618176635,-1.0495714672601721,0.06465781003900455,-0.8059607054425015,1.2931822290778356,0.007969994228305691,0.99,54.82360828,38.87361240934119
225.0,-0.2853174141183601,-0.853834075355973,0.06384180598590596,-1.1391514894743295,0.5685166612376129,0.007765202652079279,0.99,52.67546689,38.87105716499474
235.0,0.39951539241011247,-1.1260333733730725,0.06497697905686102,-0.726517980962953,1.525548765783185,0.008049990834688037,0.99,56.07249128,38.86868461760794
245.0,-0.47961072721345843,-0.8152543208209977,0.06368185718510823,-1.2948650480344526,0.33564359360753926,0.00772348403780445,0.99,52.86799346,38.86654473694811
255.0,-0.12892108812728864,-0.885998907130503,0.06400655700649728,-1.0149199952577916,0.7570778190032144,0.007794714237267314,0.99,52.44316115,38.86467544881562
265.0,-0.12063997743068455,-0.8416722236391649,0.0638451902413093,-0.9623122010698495,0.7210322462084804,0.0077496766447881634,0.99,51.13221782,38.86309904658359
276.0,0.2371080054728516,-1.0024169339290623,0.06454952767871254,-0.7653089284562,1.2395249394019139,0.007913005721701429,0.99,53.25427715,38.86181974372517
286.0,-0.15434175157878371,-0.8611146983024796,0.06398297665220802,-1.0154564498812633,0.7067729467236958,0.007766584244303977,0.99,51.84501396,38.8608225760759
296.0,0.060677917867355546,-0.9291715712499631,0.06430604072544943,-0.8684936533826146,0.9898494891173186,0.007835384666805494,0.99,52.30019145,38.86007375779182
306.0,0.07439908685186225,-0.9519587878255287,0.06443474474227374,-0.8775597009736629,1.026357874677391,0.007857896452292129,0.99,52.84783717,38.859522484474745
316.0,-0.005688656014356752,-0.9360239259435268,0.06440233801277441,-0.94171258195788,0.93033526992917,0.007840628510460046,0.99,52.9247404,38.85910406747172
327.0,-0.1570780400267573,-0.832443627750262,0.06401284859893061,-0.9895216677770264,0.6753655877235047,0.007735761428694132,0.99,51.02463226,38.85874418159495
337.0,0.21717952007409025,-0.9750960384048426,0.06464884002151317,-0.7579165183307524,1.1922755584789329,0.007880550334598335,0.99,52.50144805,38.858363921059
347.0,0.8766671632799294,-1.3027891922428232,0.06599451432589798,-0.42612202896289375,2.1794563555227526,0.008239053525537861,0.99,58.22094702,38.8578852912415
357.0,-0.7988848961032673,-0.7368129445824714,0.06366658169130232,-1.5356978406857351,-0.06207195152079592,0.007636915119516676,0.99,52.68002451,38.85723672170559
367.0,-0.1751769955685809,-0.8732126368342605,0.06428096427230406,-1.048389632402845,0.6980356412656796,0.007773708175030503,0.99,52.22382857,38.856358172264194
378.0,0.07178088866432475,-0.9581235404814556,0.06465252265791828,-0.8863426518171309,1.0299044291457804,0.007859819996628575,0.99,52.95153072,38.85520542103643
388.0,-0.04231975760252382,-0.9185784570818853,0.0644866426865055,-0.9608982146844056,0.8762586994793615,0.00781808238169905,0.99,52.57033026,38.85375317254155
398.0,-0.13301993990659255,-0.8480367028890079,0.06418700777440306,-0.9810566427956076,0.7150167629824153,0.0077462733587482305,0.99,51.18635,38.85199670445634
408.0,0.17126467787419486,-0.9575658265455473,0.06463438846814465,-0.7863011486713489,1.1288305044197422,0.007856781974917697,0.99,52.1907129,38.84995188113448
418.0,0.14386045266958902,-0.9849961027167033,0.06472059869664779,-0.8411356500471072,1.1288565553862924,0.007883467967770175,0.99,53.14719871,38.84765349467221
429.0,-0.07638145899446158,-0.9106107279891233,0.06438505522553334,-0.9869921869835849,0.8342292689946618,0.007805441969090073,0.99,52.47971887,38.845152040593455
439.0,-0.19514263821585587,-0.8079488769434846,0.06392940751558172,-1.0030915151593405,0.6128062387276287,0.00770218430598095,0.99,50.4247039,38.84250918166037
449.0,0.308021980937216,-1.00270312009145,0.06471633478966449,-0.694681139154234,1.310725101028666,0.0078990436276071,0.99,52.45975194,38.83979228404361
459.0,0.7160090201166689,-1.2486400572630352,0.06566474987565722,-0.5326310371463734,1.964649077379704,0.008164873412985196,0.99,57.27878025,38.83706850931812
469.0,-0.6810706401247764,-0.7694949038528627,0.06364763978263019,-1.450565543977639,0.08842426372808632,0.0076581507383894415,0.99,52.53952395,38.834399000406265
480.0,0.17905439991876193,-1.062802094439519,0.0648538454139759,-0.883747694520757,1.2418564943582808,0.007958197437879061,0.99,55.13957451,38.83183370155538
490.0,-0.37420736946240396,-0.8485419457340448,0.06393903447643207,-1.2227493151964524,0.4743345762716409,0.007735368875995859,0.99,52.61521442,38.8294072998433
500.0,-0.20874771290147365,-0.8242307201425625,0.0638284885042701,-1.0329784330440361,0.6154830072410888,0.00771175339871351,0.99,50.81619355,38.82713667299192
510.0,0.15746497434098217,-0.9283455243286554,0.06425459579431489,-0.7708805499876732,1.0858104986696375,0.00781631569671033,0.99,51.24073084,38.82502008527827
520.0,0.17993292943718942,-0.9566715110407671,0.0643543868645932,-0.7767385816035812,1.1366044404779565,0.007843921096461594,0.99,51.85428228,38.823038204004924
531.0,0.07229946761911421,-0.9360284921857698,0.06425407931052962,-0.8637290245666591,1.008327959804884,0.007821417155715393,0.99,51.97072803,38.82115683002272
541.0,0.031419968236480855,-0.9235410989146828,0.06418668940930902,-0.8921211306782126,0.9549610671511637,0.007807808286945072,0.99,51.8765075,38.819331065152134
551.0,-0.08351687532964291,-0.8414696979174181,0.06383205647884961,-0.9249865732470681,0.7579528225877752,0.007724997874466393,0.99,50.38200032,38.817510494501846
561.0,0.28327706798625485,-0.9889447479334947,0.06443059124405745,-0.7056676799472399,1.2722218159197496,0.007874086193178606,0.99,52.00688677,38.815644857921626
571.0,0.19514458559401504,-1.012564242595806,0.0644974088696019,-0.8174196570017855,1.207708828189821,0.007896967816155964,0.99,53.27391911,38.81368963398112
582.0,-0.17763115818182484,-0.8513379699993244,0.06380632976641282,-1.0289691281811457,0.6737068118174996,0.007731564839213944,0.99,51.2001,38.811610969042036
592.0,0.0023832156153176243,-0.8640063429764346,0.06383844064657981,-0.8616231273611135,0.8663895585917523,0.007744573383233185,0.99,50.36921026,38.80938945384779
602.0,0.32793817006136194,-1.0122866284698233,0.06441934613190925,-0.6843484584084578,1.3402247985311853,0.007894827008489355,0.99,52.29934647,38.8070223734036
612.0,0.6288582433058387,-1.22108508901775,0.06520848819052284,-0.5922268457119131,1.8499433323235888,0.00811884384251652,0.99,56.65028182,38.80452421814002
622.0,-0.5725709221625692,-0.811144231930502,0.06347747361861246,-1.3837151540930677,0.23857330976793278,0.0076861594825074955,0.99,52.67978462,38.80192542605514
633.0,-0.18265096729916408,-0.8468596748309025,0.06360645817398455,-1.0295106421300702,0.6642087075317384,0.007722966823436821,0.99,51.02501538,38.79926950615908
643.0,0.2263269802672454,-0.9943957016092959,0.06418062208479272,-0.7680687213420541,1.2207226818765413,0.007872282293018788,0.99,52.39504904,38.79660885420675
653.0,0.5617711922442901,-1.1980740246002366,0.0649503893539517,-0.6363028323559519,1.7598452168445267,0.008089266947312315,0.99,56.29533691,38.79399969668183
663.0,-0.523816025265976,-0.8215364917059986,0.06336014408339434,-1.3453525169719782,0.2977204664400226,0.0076930450881616975,0.99,52.55773077,38.79149667654066
673.0,-0.1003394887269593,-0.9127606581665226,0.06371769238009718,-1.0131001468934784,0.8124211694395633,0.00778518878266642,0.99,52.22560801,38.78914761728465
684.0,0.05599853385382403,-0.9622162192947137,0.06389617047203139,-0.9062176854408932,1.0182147531485377,0.007835097888482514,0.99,52.55563846,38.786988968850004
694.0,-0.09181765442959744,-0.8836565461460388,0.06354632810248165,-0.9754742005756327,0.7918388917164414,0.007754731848370249,0.99,51.32517073,38.78504235395856
704.0,0.04385560192863025,-0.8969574501107473,0.06358573539543227,-0.8531018481821135,0.9408130520393776,0.0077682289934274465,0.99,50.79429489,38.78331250752212
714.0,0.264693311604713,-1.0004935341399932,0.06399446662979628,-0.735800222535282,1.2651868457447062,0.007873252928154571,0.99,52.19431369,38.78178675011559
724.0,0.07445617043688202,-0.9612683887985334,0.06381251001970922,-0.8868122183616549,1.0357245592354154,0.00783159250693634,0.99,52.34564904,38.78043597769637
735.0,-0.0022324089861136542,-0.9331270929139954,0.06368489255082968,-0.9353595019001162,0.9308946839278818,0.00780236403389724,0.99,52.0565283,38.779217001511554
745.0,-0.07816876117814431,-0.8700080507596688,0.06341509083536849,-0.9481768119378131,0.7918392895815245,0.007738812272813318,0.99,50.81468471,38.77807594976645
755.0,0.2616970368586884,-1.0097359922655116,0.06398033228544892,-0.7480389554068196,1.2714330291242,0.007880989392974627,0.99,52.44263942,38.77695235755047
765.0,0.36656111765827504,-1.1220254683038018,0.06440810138669079,-0.7554643506455179,1.4885865859620768,0.007998969575964434,0.99,55.10758543,38.77578353046522
776.0,-0.33894209549034215,-0.8559771653379933,0.06329807623937543,-1.1949192608283354,0.5170350698476511,0.007722106942361218,0.99,52.13164204,38.774508771868824
786.0,0.3433265920764086,-1.1172397093522726,0.06434621551161498,-0.7739131172758604,1.4605663014286812,0.007993135564458086,0.99,55.11283366,38.773073109907095
796.0,-0.35528409449542053,-0.8659950388145958,0.06328383100078679,-1.2212791333100128,0.5107109443191753,0.007731009023584725,0.99,52.50953949,38.771430240143296
806.0,-0.10129362343502635,-0.9023314574432639,0.06340924996895039,-1.0036250808782867,0.8010378340082376,0.0077681239370827855,0.99,51.79687405,38.769544500555476
816.0,-0.05424321573853064,-0.8633117349033306,0.0632128648149187,-0.9175549506418577,0.8090685191647999,0.0077292420064174906,0.99,50.41995031,38.76739180395809
827.0,0.3258335423449168,-1.0445974118484394,0.06390903546980889,-0.7187638695035261,1.3704309541933561,0.00791343997097738,0.99,52.93558387,38.76495955515415
837.0,-0.0963917865690398,-0.9009341956402643,0.06325759613395746,-0.9973259822093112,0.8045424090712245,0.0077641372685529056,0.99,51.66977627,38.76224566592922
847.0,0.034899063668127894,-0.9274665482145501,0.06330765187307558,-0.8925674845464187,0.962365611882678,0.007790593341236737,0.99,51.51787669,38.75925684391162
857.0,0.02397004055362828,-0.8998128808946042,0.0631268323637511,-0.8758428403409795,0.9237829214482325,0.007762011626710198,0.99,50.81589715,38.756006368538316
867.0,0.2287426272796509,-0.9892828576182211,0.06341980149281844,-0.7605402303385631,1.218025484897872,0.007852023695014433,0.99,51.91487102,38.75251157916663
878.0,0.011558966046816721,-0.9016766601516402,0.06298012223628274,-0.8901176941048234,0.9132356261984569,0.0077614875799247125,0.99,50.8987684,38.748791289870354
888.0,0.1959642898855556,-0.9785075128149785,0.06321110101391353,-0.7825432229294336,1.174471802700534,0.007838496038685258,0.99,51.77969712,38.744863318191136
898.0,0.06439648703389267,-0.9431855484376008,0.0629734062245515,-0.8787890614037082,1.0075820354714935,0.007800752618536881,0.99,51.63778,38.74074227832385
908.0,0.08320256958103656,-0.9544952541290783,0.06292526222779551,-0.8712926845480453,1.0376978237101149,0.0078109860473321874,0.99,51.80205875,38.736437751141786
919.0,-0.024462257612050564,-0.8678544813459368,0.062477312548646226,-0.8923167389579874,0.8433922237338862,0.007723058898219336,0.99,50.13303281,38.73195291221104
929.0,0.27705370987284894,-0.9820523294414869,0.06284738672630164,-0.7049986195686415,1.2591060393143358,0.007837410751018391,0.99,51.2399875,38.727283679826506
939.0,0.7490374195630416,-1.2626089476349431,0.06384743115075554,-0.5135715280719069,2.0116463671979847,0.00813649017638911,0.99,56.45128917,38.722418437093296
949.0,-0.6060094249148911,-0.794725520925951,0.06182734153341554,-1.4007349458408385,0.18871609601105988,0.007643698113686877,0.99,51.87252174,38.717338375791854
959.0,-0.18987623311040736,-0.8292766681084522,0.061871885755559464,-1.0191529012188525,0.6394004349980449,0.007678886708311783,0.99,50.05670562,38.71201848965167
970.0,0.2923981824281121,-1.009259133509822,0.06249455652039254,-0.7168609510816992,1.301657315937934,0.007859242535056273,0.99,51.7714,38.70642919602783
980.0,0.11983610202640804,-0.9744847438538393,0.06221512595490104,-0.8546486418274242,1.0943208458802474,0.007820971412149028,0.99,51.89950312,38.70053848349138
990.0,-0.031739418119997254,-0.8979221497648133,0.0617620827479779,-0.929661567884807,0.8661827316448161,0.00774181291132778,0.99,50.75478675,38.69431438152637
1000.0,0.14207076244957761,-0.942093858296122,0.06179777154716046,-0.800023095846548,1.0841646207456996,0.007785011149341715,0.99,50.79035644,38.68772745701877
1011.0,0.18205064725190923,-0.9698252950852115,0.06175362658138582,-0.7877746478333023,1.1518759423371208,0.007810995180707653,0.99,51.24276411,38.68075299640428
1021.0,0.024506883642693822,-0.8863976834271625,0.06124403925307979,-0.8618907997844687,0.9109045670698563,0.007724998568068465,0.99,49.97811104,38.67337255807502
1031.0,0.21644440558996791,-0.9343145634613244,0.06126527347438836,-0.7178701578713529,1.1507589690512923,0.007771532732920663,0.99,49.99277835,38.66557467931079
1041.0,0.28090564718047517,-0.9739751623292463,0.06123564290017,-0.6930695151487711,1.2548808095097215,0.007809153646918994,0.99,50.58699819,38.65735467222957
1051.0,0.21671604603592698,-0.9762928526636614,0.06104076496102072,-0.7595768066277344,1.1930088986995884,0.007808515197138133,0.99,51.00604024,38.64871360537761
1062.0,0.12313444315671518,-0.9474377701541847,0.06071480688171958,-0.824303326997466,1.0705722133109,0.007776535179842642,0.99,50.77585154,38.6396567034855
1072.0,0.03999120987975857,-0.8713813518890454,0.06018731040991193,-0.8313901420092904,0.911372561768804,0.007698584449748289,0.99,49.26618667,38.63019148133764
1082.0,0.38217390142008867,-1.0074192341318184,0.06051212864454684,-0.6252453327117351,1.389593135551907,0.007833270832974542,0.99,50.63654578,38.62032594747677
1092.0,0.5662643041507209,-1.1834131927298728,0.060956921201658895,-0.617148888579159,1.7496774968805937,0.00801468260892799,0.99,54.43483962,38.610067172858344
1103.0,-0.34242201472876843,-0.8204354380636758,0.059247084725174766,-1.1628574527924442,0.4780134233349074,0.007638252771877989,0.99,50.16046182,38.5994204348035
1113.0,0.2511771339416704,-1.0115349258312207,0.05977235648760736,-0.760357791889561,1.2627120597728911,0.007827958165035023,0.99,51.41154524,38.58838904185835
1123.0,0.10559197217529004,-0.9658975642376255,0.059316659593233324,-0.8603055920623319,1.0714895364129156,0.007777879960908188,0.99,51.03947545,38.576974842407346
1133.0,0.05800555046202405,-0.9145827035284171,0.05883357491254755,-0.8565771530663895,0.9725882539904411,0.0077236293421161645,0.99,49.91714848,38.56517932991638
1143.0,0.25227252446559945,-0.9691967101496779,0.058769728057567486,-0.7169241856840785,1.2214692346152773,0.007775786393990016,0.99,50.07125572,38.55300518036171
1154.0,0.4344078867912451,-1.1319861053887639,0.059112137700392205,-0.6975782185975135,1.566393992180009,0.00793973808801302,0.99,53.35723909,38.54045799007816
1164.0,-0.2181431488161074,-0.8927571429529664,0.05784229823128251,-1.1109002917690844,0.674613994136859,0.007690191897514444,0.99,50.8860194,38.52754792870027
1174.0,-0.007204550920477004,-0.8844339220339883,0.0575029030383835,-0.8916384729544617,0.8772293711135113,0.007680502231907485,0.99,49.28534286,38.514290995512354
1184.0,0.3265898215634202,-0.9773439329417037,0.057558406347600025,-0.6507541113782906,1.303933754505124,0.007770725314681646,0.99,49.55775119,38.50070958648623
1195.0,0.30744110035283967,-0.9623989907117512,0.05717098995102397,-0.654957890358908,1.2698400910645908,0.007752004903557259,0.99,49.22005244,38.48683215470384
1205.0,0.3743948911341164,-1.0013938197029741,0.05698348269317342,-0.6269989285688595,1.3757887108370905,0.0077874647080308545,0.99,49.73780714,38.47269187258064
1215.0,0.2947488588258942,-0.9885884026209304,0.056581325962172524,-0.6938395437950433,1.2833372614468246,0.007770272052706295,0.99,49.81690843,38.4583243572799
1225.0,0.21032781805120848,-0.9367203450557682,0.05602195528362047,-0.7263925270045632,1.1470481631069767,0.007714720315679658,0.99,48.93630936,38.44376467201872
1235.0,0.4525966477919354,-1.0567829416201544,0.05613837030544074,-0.6041862938282136,1.5093795894120898,0.007832349854730884,0.99,50.4831375,38.429043942336754
1246.0,0.14842095331810867,-0.9093875987187943,0.055196263040875694,-0.7609666454006927,1.057808552036903,0.007680238051550162,0.99,48.48560936,38.41418601329843
1256.0,0.5254269250025878,-1.0807942127880246,0.055505705956547025,-0.5553672877854368,1.6062211377906124,0.007849711176394474,0.99,50.51888706,38.399204610685864
1266.0,0.6387677285588893,-1.2509574793565843,0.05577032673373651,-0.6121897507976897,1.8897252079154736,0.008025010668801617,0.99,54.6304753,38.384101446507444
1276.0,-0.45645057671473666,-0.8414416968263652,0.053781623420957894,-1.2978922735411018,0.3849911201116285,0.007599228687359068,0.99,50.24243728,38.3688656204706
1286.0,0.05252588000875491,-0.9150042627523938,0.05371089711774638,-0.8624783827436389,0.9675301427611487,0.007670558021187349,0.99,48.91275417,38.35347452014613
1297.0,0.44512705675614583,-1.0805398583478372,0.05398000821168693,-0.6354128015916842,1.525666915103983,0.007833830534762616,0.99,50.71328876,38.337896233498135
1307.0,0.13571263205708917,-0.9569727121352081,0.05309615763547061,-0.8212600800781189,1.0926853441922972,0.007704325282448135,0.99,49.31566774,38.3220932857235
1317.0,0.3838107761008338,-1.0534941826374116,0.05306995359544378,-0.6696834065365849,1.4373049587382454,0.0077980644711930815,0.99,50.21535318,38.30602732381865
1327.0,0.20851323895388418,-0.9824949922509383,0.05237617710451449,-0.7739817532970505,1.1910082312048225,0.007722078116405195,0.99,49.37009767,38.28966422037474
1338.0,0.37420531488426434,-1.071907907341867,0.05230169374508262,-0.6977025924575955,1.4461132222261313,0.0078084691863293055,0.99,50.60302836,38.27297897823287
1348.0,0.15873637287246112,-0.9885044280324848,0.051538055308858785,-0.8297680551600237,1.147240800904946,0.007719615807127139,0.99,49.66878571,38.25595981485946
1358.0,0.25850476434240477,-0.9969245862979967,0.05112774323607933,-0.7384198219555884,1.2554293506404015,0.007724634025506843,0.99,49.20099186,38.238610901170865
1368.0,0.4013193228767342,-1.0610028901838398,0.05092002966006004,-0.6596835673070984,1.462322213060574,0.007785148922549812,0.99,49.8963185,38.22095341050741
1378.0,0.5948451233156753,-1.2330540535581047,0.05109831413577756,-0.6382089302424276,1.82789917687378,0.007959285452060991,0.99,53.36255449,38.20302476392008
1389.0,-0.17868376517546025,-0.9167764251874537,0.04941273307838684,-1.095460190362914,0.7380926600119935,0.00763073238900998,0.99,49.57778276,38.18487619502327
1399.0,0.4302004168512674,-1.1453493793276266,0.049820138962370177,-0.7151489624763627,1.575549796178894,0.00785820211469752,0.99,51.7381747,38.16656896419472
1409.0,0.045761251943545744,-1.0026873883709122,0.048787783149756965,-0.9569261364273629,1.048448640314458,0.0077076410836519876,0.99,50.23693526,38.14816970039813
1419.0,0.28545234230607974,-1.0844867978662283,0.04862041504554594,-0.7990344555601538,1.369939140172308,0.00778656783074865,0.99,50.81564386,38.129745421829384
1430.0,0.17576287638907218,-1.0184271668063953,0.047888549461400996,-0.8426642904173249,1.1941900431954675,0.007715858158748627,0.99,49.67538825,38.11135877865931
1440.0,0.7122933852799029,-1.3042449573194652,0.04847071832896844,-0.5919515720395623,2.016538342599368,0.00800953371805655,0.99,54.13612367,38.09306398142401
1450.0,-0.2751539732189059,-0.9558460957170176,0.046662152685853005,-1.231000068935927,0.6806921224981117,0.007643033952208017,0.99,50.70517356,38.074903747370485
1460.0,-0.033843259627424516,-0.9044829595468507,0.04600015514211085,-0.9383262191742716,0.8706396999194261,0.007591998803529951,0.99,47.87015,38.05690743953405
1470.0,0.5591162844074589,-1.0834376631112406,0.04622057580101291,-0.5243213787037746,1.6425539475186994,0.007767345268528476,0.99,48.72522931,38.039090416257864
1481.0,0.5000669975308654,-1.1027150285594107,0.04581742797463133,-0.6026480310285436,1.602782026090276,0.007782058087677565,0.99,49.48164855,38.0214544789612
1491.0,0.3676156508106132,-1.0722986950193132,0.04522426482353298,-0.7046830442086929,1.4399143458299264,0.007746720782080672,0.99,49.4227931,38.0039892237344
1501.0,0.29812127468614236,-1.022990833404723,0.04456587653412597,-0.7248695587185807,1.3211121080908654,0.007693827013441441,0.99,48.52806322,37.98667407248157
1511.0,0.4477706344468295,-1.0638350422689253,0.04425165429935994,-0.616064407822094,1.5116056767157549,0.0077316661390028196,0.99,48.59649023,37.969480768261214
1522.0,0.42944798486423963,-1.0254101895680172,0.04363968364419141,-0.5959622047037669,1.4548581744322568,0.007690207595205699,0.99,47.70515086,37.95237614501337
1532.0,0.595490362303277,-1.098936280468287,0.04344208990843984,-0.5034459181650206,1.694426642771564,0.007760666328505121,0.99,48.47564286,37.93532500561632
1542.0,0.5490621768921109,-1.1347668268900435,0.04309282453274297,-0.5857046499979361,1.6838290037821544,0.007792567681341275,0.99,49.58165714,37.91829295392673
1552.0,0.6093758053455502,-1.268191739354016,0.04309062271281283,-0.6588159340084658,1.8775675446995663,0.007926838843624906,0.99,52.80569185,37.901249023156836
1562.0,-0.14781396024926252,-0.9889278727010442,0.041561748501051876,-1.1367418329503138,0.8411139124517817,0.007636340560090804,0.99,49.95327314,37.884167931000945
1573.0,0.3194942999753252,-1.1545433098747875,0.041700284146981056,-0.8350490098994641,1.4740376098501127,0.00780094602017652,0.99,51.348726,37.867031788787855
1583.0,0.0713019116466711,-1.0362464799237632,0.040767405675156916,-0.9649445682770974,1.1075483915704343,0.007677792857340226,0.99,49.69009718,37.84983111793334
1593.0,0.36328821689874147,-1.131160790693393,0.04062964229916357,-0.7678725737946479,1.4944490075921344,0.007770741099085749,0.99,50.29440318,37.83256508987338
1603.0,0.21779365702566267,-1.050129401397843,0.039830610724719176,-0.8323357443721804,1.2679230584235057,0.007685678707240491,0.99,49.02118835,37.815240993348965
1614.0,0.49775775566790514,-1.2000315235283416,0.039881007709036284,-0.7022737678604258,1.6977892791962468,0.007834564602465819,0.99,51.1636,37.79787302167518
1624.0,0.12125879069565215,-1.0557906800450887,0.038838819928896,-0.9345318893494294,1.1770494707407408,0.007683693279217503,0.99,49.61569773,37.7804805413971
1634.0,0.2918713673022779,-1.0750854160682515,0.038408919816555656,-0.78321404876597,1.3669567833705294,0.007700719617636933,0.99,49.01210169,37.76308604140483
1644.0,0.3810642811900742,-1.0713165742855324,0.03789147014256787,-0.6902522930954618,1.4523808554756066,0.007694296696625706,0.99,48.33119692,37.74571296659935
1654.0,0.5657856472521772,-1.156359621090406,0.037696592252565185,-0.5905739738382252,1.722145268342583,0.007776837134260997,0.99,49.30646667,37.72838361925556
1665.0,0.38103999853266046,-1.075618594745098,0.03689020003915705,-0.6945785962124305,1.4566585932777585,0.00769184447721425,0.99,48.31059831,37.71111727798691
1675.0,0.561545404396913,-1.1632372662116772,0.03670160725239686,-0.6016918618147713,1.7247826706085903,0.007777100656277,0.99,49.37960482,37.69392865328965
1685.0,0.4307039243025308,-1.151312120313218,0.03614362699151796,-0.7206081960106872,1.5820160446157487,0.007760745037874592,0.99,49.79666124,37.67682677610555
1695.0,0.3457300102010237,-1.1357410382672857,0.03557552232571029,-0.7900110280662602,1.4814710484683093,0.007741346186714575,0.99,49.84890337,37.659814396040346
1706.0,0.27348821782694444,-1.051144333849173,0.03476143634054036,-0.7776561160222286,1.3246325516761175,0.007654583654145837,0.99,48.1001059,37.64288793897228
1716.0,0.6026427461798392,-1.1871609478852019,0.034752168731950445,-0.5845182017053574,1.789803694065041,0.007788995859584046,0.99,49.50487318,37.62603803506387
1726.0,0.6643400258692154,-1.3218745473394087,0.03471267387391796,-0.6575345214701969,1.986214573208624,0.00792523596207445,0.99,52.76241369,37.60925057926406
1736.0,-0.14240596948643258,-1.0112490181877671,0.03307229844993939,-1.1536549876742015,0.8688430487013346,0.007603541921149819,0.99,49.40386676,37.59250823115052
1747.0,0.8425356547909963,-1.7270823793625958,0.034630922300020725,-0.8845467245716065,2.569618034153592,0.007890253473369276,1.0,53.60721629,37.57579220547841
1757.0,-0.07947969690444978,-1.3642495469744027,0.03286108782439083,-1.443729243878856,1.284769850069953,0.00752558407284748,1.0,49.68668111,37.559084160804936
1767.0,0.32519720547818665,-1.4050359314920566,0.03249482147742004,-1.0798387260138682,1.7302331369702433,0.0075608321380806354,1.0,48.11972382,37.542367976347805
1777.0,0.6462838469279895,-1.4882055586047347,0.03227289097643215,-0.841921711676747,2.134489405532724,0.0076375916549803295,1.0,48.15968156,37.5256312257913
1787.0,0.7179452158668127,-1.546824586169853,0.031957455738493394,-0.828879370303035,2.264769802036666,0.007691952933919186,1.0,49.12167611,37.50886620640356
1798.0,0.5193440401771738,-1.4813392937187988,0.031206353665208394,-0.9619952535416232,2.0006833338959726,0.007624855493840773,1.0,48.63636704,37.49207044785421
1808.0,0.6006310001518109,-1.530569124349002,0.03085103746747839,-0.9299381241971858,2.131200124500813,0.007670107615924974,1.0,49.31918667,37.47524669209592
1818.0,0.6146780959146589,-1.5975156625087497,0.03055090426915791,-0.9828375665940925,2.2121937584234086,0.00773403451244046,1.0,50.94469778,37.458402392373806
1828.0,0.2614861013059482,-1.471054834479272,0.029584967057211826,-1.2095687331733274,1.7325409357852202,0.0076066355120529994,1.0,49.82114667,37.44154881861873
1839.0,0.42054558957387655,-1.5171759793991608,0.029212990154809732,-1.0966303898252932,1.9377215689730374,0.007648931468159175,1.0,49.949875,37.42469987589964
1849.0,0.39677100626527917,-1.4960208380921785,0.02860836582425854,-1.0992498318268957,1.8927918443574576,0.007625313559312948,1.0,49.49385556,37.40787074765461
1859.0,0.749347110303276,-1.7020105687346732,0.028773170978355894,-0.9526634584314024,2.451357679037949,0.007829425142149881,1.0,52.7582322,37.39107647697438
1869.0,-0.04423739621777756,-1.381658909913856,0.027144545911528872,-1.4258963061316337,1.3374215136960785,0.007510355600717637,1.0,49.26531899,37.37433060483207
1880.0,0.7708338699458466,-1.7545367067431883,0.027876244978096994,-0.9837028367973488,2.525370576689035,0.007879386593764684,1.0,54.0876205,37.35764399103554
1890.0,-0.25421270757546566,-1.3324181960207486,0.025905181599383743,-1.586630903596216,1.078205488445283,0.007459277747992876,1.0,49.26199973,37.3410239414763
1900.0,0.32254335607721885,-1.4106441183791745,0.025654095147698668,-1.0881007623019556,1.7331874744563933,0.007529708853630056,1.0,47.5803811,37.3244737451272
1910.0,0.7275915360063827,-1.529424673789725,0.02553857133054991,-0.8018331377833476,2.2570162097961077,0.0076409697233200775,1.0,47.98687376,37.3079926839557
1920.0,0.7556751821669856,-1.5805785722911203,0.025184652429564906,-0.8249033901241347,2.336253754458106,0.0076884153684301125,1.0,49.02873077,37.291576521172495
1931.0,0.5411757429160282,-1.5138174689123929,0.02442569493264356,-0.9726417259963682,2.054993211828421,0.007620333045782787,1.0,48.61385549,37.275218404254375
1941.0,0.5897260589274431,-1.5403415117173545,0.02398636988709307,-0.9506154527899042,2.1300675706447976,0.007643600545451338,1.0,48.92938729,37.25891005131911
1951.0,0.5676483543752191,-1.551430472748704,0.023493807347836942,-0.9837821183734903,2.119078827123923,0.00765192428057746,1.0,49.29680027,37.24264304144487
1961.0,0.5209735081730784,-1.5517108010896887,0.022964201422153267,-1.030737292916605,2.072684309262767,0.007649705538206055,1.0,49.54683913,37.2264100182532
1972.0,0.442585110657312,-1.4980769390870368,0.022248475537536817,-1.05549182842973,1.9406620497443487,0.007595028492304534,1.0,48.6290978,37.210205644986864
1982.0,0.6216115263310975,-1.5775440832109595,0.021986405049744414,-0.9559325568798585,2.199155609542057,0.007670139567183873,1.0,49.48187772,37.19402720574734
1992.0,0.8097356595870586,-1.7520999915608417,0.02202819457946764,-0.9423643319737778,2.5618356511479004,0.007845229794621784,1.0,53.02983098,37.177874811403555
2002.0,-0.09880816039849805,-1.385669489121053,0.02026160641598378,-1.4844776495195475,1.286861328722555,0.007480933069509396,1.0,49.04762984,37.161751223593704
2013.0,0.6725340884749258,-1.7097913732515995,0.020818304005921672,-1.037257284776679,2.3823254617265253,0.007796963934261797,1.0,52.64839865,37.14566134845727
2023.0,0.002946798447258203,-1.431243103739467,0.019348933288179222,-1.428296305292207,1.4341899021867253,0.007519513864377242,1.0,49.46470761,37.129611472620994
2033.0,0.41651288384443674,-1.5154242121379156,0.019106407263367525,-1.0989113282934824,1.9319370959823523,0.007597502433226947,1.0,48.94342995,37.11360832161556
2043.0,0.5064414410113969,-1.4999384641825788,0.018524386761176112,-0.9934970231711873,2.0063799051939757,0.00757964831227036,1.0,47.96303478,37.09765802308631
2054.0,0.7026103794346881,-1.5821492790451632,0.018267836776104076,-0.8795388996104734,2.2847596584798513,0.0076572875221164625,1.0,48.76056595,37.08176506270101
2064.0,0.6067422628133201,-1.565379239184571,0.017679245828283518,-0.9586369763712597,2.172121501997891,0.007638302709972449,1.0,48.87571739,37.06593133357415
2074.0,0.5607624194195182,-1.552812579799168,0.017105764688984476,-0.9920501603796481,2.1135749992186863,0.007623581751650487,1.0,48.79469005,37.0501553953138
2084.0,0.6337754061122958,-1.6111817489030749,0.016769472216776257,-0.9774063427907862,2.2449571550153706,0.007678744074859312,1.0,49.78781351,37.034432065470924
2095.0,0.43854758638525126,-1.5284267021754658,0.015957402386634303,-1.0898791157902181,1.966974288560717,0.007595498889561746,1.0,48.84865968,37.01875245509341
2105.0,0.5797130296767321,-1.5819820826954558,0.015605334053634238,-1.002269053018722,2.161695112372188,0.007645428276964754,1.0,49.28412609,37.00310452801706
2115.0,0.5434253796319233,-1.5834245473212363,0.015077618603640406,-1.0399991676893166,2.1268499269531596,0.007644545661460594,1.0,49.5027336,36.98747421069737
2125.0,0.5911200030706247,-1.6418478229778657,0.014736828243445074,-1.0507278199072303,2.2329678260484904,0.007700329675400455,1.0,50.69792404,36.971847007519735
2135.0,0.2696451279467347,-1.496399077610695,0.013717731516108236,-1.2267539496639586,1.7660442055574297,0.0075555708665832385,1.0,48.91281946,36.95620999290085
2146.0,0.8334212128547129,-1.8095148340897556,0.014199951525969812,-0.9760936212350444,2.6429360469444685,0.007868490165284087,1.0,53.78701452,36.940553973391985
2156.0,-0.20560439004961495,-1.3834165161092873,0.012251625936881009,-1.5890209061589005,1.1778121260596723,0.007444899674248178,1.0,48.98811505,36.92487556266293
2166.0,0.44888898077085315,-1.5307938687629559,0.012215911368534858,-1.0819048879921027,1.979682849533809,0.007582208719782379,1.0,48.54213668,36.90917890388218
2176.0,0.5770457671488529,-1.5305792038815103,0.011678328643119323,-0.9535334367326627,2.107624971030363,0.007579195213170662,1.0,47.71931497,36.89347680574821
2187.0,0.7464469746271654,-1.6058201318944114,0.011385222186045329,-0.8593731572672567,2.352267106521577,0.0076502049144291364,1.0,48.50308824,36.87779111710779
2197.0,0.6274786746709466,-1.5707234443555524,0.01072828801458632,-0.9432447696845969,2.198202119026499,0.007613360519558082,1.0,48.30335,36.86215223685228
2207.0,0.6613776610505369,-1.596762524547593,0.010275661271840403,-0.9353848634970632,2.25814018559813,0.00763653644358553,1.0,48.69987926,36.84659773127854
2217.0,0.7237088430830596,-1.684339957174931,0.010025006994605616,-0.9606311140918677,2.4080488002579905,0.00772157966211704,1.0,50.54364415,36.83117010401951
2228.0,0.3223285061868175,-1.491808270810619,0.008852004244373993,-1.1694797646238015,1.8141367769974366,0.007531029561389089,1.0,48.08778889,36.815913829511224
2238.0,0.628915829927422,-1.5693425426198857,0.008585600035153362,-0.9404267126924637,2.1982583725473077,0.007603488858763681,1.0,48.09918564,36.80087181981681
2248.0,0.7354408887324588,-1.6379874693386256,0.00829188377380841,-0.9025465806061703,2.3734283580710844,0.0076688047397955135,1.0,49.12428737,36.786081552425344
2258.0,0.7347126922296532,-1.7218089528390568,0.008048261675588846,-0.9870962606094054,2.45652164506871,0.007751366782579384,1.0,51.33281505,36.77157114931739
2269.0,0.24431855369157773,-1.5090762000861648,0.006839385080727293,-1.2647576463945853,1.7533947537777426,0.007540128467298505,1.0,48.84515238,36.757355760903934
2279.0,0.765863203882212,-1.7468121263533334,0.007117704607748302,-0.9809489224711356,2.5126753302355453,0.007773710132725191,1.0,51.7605766,36.743434653951475
2289.0,0.15127631525134433,-1.500109256840215,0.0058190048441464914,-1.3488329415888671,1.6513855720915593,0.0075283813189983674,1.0,49.13816111,36.72978940522049
2299.0,0.35794201769876466,-1.451824294230521,0.005176454062967486,-1.0938822765317653,1.8097663119292857,0.007480488352572854,1.0,46.70327366,36.7163835435862
2310.0,0.8975351371917668,-1.6860677874486907,0.005465533488633715,-0.7885326502569185,2.5836029246404575,0.0077064484477106145,1.0,49.15552737,36.703163858689585
2320.0,0.7818803928113915,-1.7483337737598816,0.005182129672348778,-0.9664533809484865,2.530214166571273,0.0077683756088707525,1.0,51.55001729,36.69006341394702
2330.0,0.13085166727180564,-1.4762736370971243,0.003811496624921716,-1.3454219698253098,1.60712530436893,0.007499445144592174,1.0,48.54640573,36.67700608742855
2340.0,0.5516610992100865,-1.5749799176204782,0.0036599917698959816,-1.0233188184103952,2.1266410168305647,0.007592464135948528,1.0,48.38489687,36.663912246230204
2351.0,0.6595995365551346,-1.617523727121288,0.003307903308399241,-0.9579241905661462,2.2771232636764225,0.007632500277300613,1.0,48.75906342,36.650704976710834
2361.0,0.5776080836330557,-1.5769844139985167,0.002681720670529738,-0.9993763303654717,2.1545924976315725,0.007591120706607235,1.0,48.21556302,36.63731618497868
2371.0,0.6502391829914167,-1.5933537112117726,0.002234943845299202,-0.9431145282203559,2.2435928942031893,0.007605208728902739,1.0,48.14771995,36.62369188047122
2381.0,0.7164312306141198,-1.6415519112872161,0.0018820019287406134,-0.9251206806730963,2.357983141901336,0.00765069396543633,1.0,48.91089789,36.60979606744245
2392.0,0.5463679942185458,-1.545993364313345,0.0010434947125004465,-0.9996253700947975,2.0923613585318908,0.007555765940078831,1.0,47.55073342,36.59561287081861
2402.0,0.7748186367184147,-1.6414253223365005,0.0008274403476748703,-0.8666066856180805,2.416243959054915,0.007646732124548807,1.0,48.48023969,36.58114676727937
2412.0,0.8069596067607883,-1.7404927652601856,0.0006064853114843421,-0.9335331584993938,2.547452372020974,0.007744110099370166,1.0,50.82726283,36.56642102720898
2422.0,0.2901377772066205,-1.5491879691773338,-0.0005588744932291043,-1.259050191970708,1.8393257463839543,0.007553235631564703,1.0,49.06793057,36.551474657687685
2432.0,0.4467231983204165,-1.5398374923851001,-0.001136029747330309,-1.0931142940646836,1.9865606907055167,0.007541955770275284,1.0,47.84045918,36.53635825159331
2443.0,0.734487380997578,-1.660516540874914,-0.0012980355973126537,-0.9260291598773307,2.395003921872492,0.007657492568250281,1.0,49.04850157,36.521129195166296
2453.0,0.905676148762403,-1.8398334649956958,-0.0012880477766712937,-0.9341573162332963,2.7455096137580988,0.007838268762964043,1.0,52.82004583,36.50584668204124
2463.0,-0.023459451843432788,-1.4737970033995715,-0.0030230361200748283,-1.4972564552430043,1.4503375515561387,0.00747340038686769,1.0,48.97795596,36.49056694582494
2473.0,0.4689100046187029,-1.5724460807329699,-0.0032449579344200306,-1.103536076114274,2.041356085351673,0.007565155900939929,1.0,48.34482127,36.47533907207664
2484.0,0.6897385372016629,-1.6600602616212417,-0.0035124695990307736,-0.970321724419577,2.3497987988229045,0.007648596453076009,1.0,49.14804718,36.460201691981496
2494.0,0.5785340660714056,-1.6256090641765866,-0.0041693393689488,-1.047074998105181,2.204143130247992,0.007612480415111051,1.0,48.91632969,36.44518079272814
2504.0,0.5380263317336009,-1.5805431987374323,-0.004856633277620696,-1.0425168670038332,2.1185695304710332,0.0075663780044732416,1.0,48.00265722,36.43028879652979
2514.0,0.7193639146246475,-1.6474773315661224,-0.0051760989867459355,-0.9281134169414855,2.36684124619077,0.007629457712426613,1.0,48.51991392,36.41552495614115
2525.0,0.6537511358622368,-1.639345830476664,-0.0057434089972280035,-0.9855946946144272,2.2930969663389007,0.007619656549046384,1.0,48.67945492,36.400876992809465
2535.0,0.600058078763464,-1.614661642520657,-0.006356741072358993,-1.0146035637571842,2.214719721284121,0.007593501036604041,1.0,48.35229434,36.3863237753284
2545.0,0.6024404568797053,-1.5857163771401748,-0.006981711278039707,-0.9832759202604677,2.18815683401988,0.0075633065138674275,1.0,47.59613109,36.37183872389525
2555.0,0.8081308049972762,-1.6870087254057378,-0.007185590875426615,-0.8788779204084634,2.495139530403014,0.007660510709012344,1.0,48.81865692,36.357393537999805
2566.0,0.5780913389754225,-1.578027509959286,-0.008075273952457,-0.9999361709838652,2.1561188489347085,0.007552138917620446,1.0,47.48494975,36.34296180958593
2576.0,0.7920261039655898,-1.6678996122068241,-0.008317729945852888,-0.8758735082412343,2.459925716172414,0.007637774429886891,1.0,48.36510816,36.328522102729096
2586.0,0.6405181539228231,-1.6135129348650583,-0.009027908109511602,-0.972994780942237,2.2540310887878814,0.007582533057937338,1.0,47.89630615,36.314060162159834
2596.0,0.7577213452739073,-1.6822601902724372,-0.009343299965243145,-0.9245388449985299,2.4399815355463446,0.007648049007266864,1.0,48.85612704,36.29957004552376
2607.0,0.5667657384197682,-1.5830627390410417,-0.010207130592850267,-1.0162970006212717,2.14982847746081,0.007549411703280373,1.0,47.52933571,36.2850541356386
2617.0,0.8091811480439937,-1.6936766029935768,-0.010390343545372747,-0.8844954549495867,2.5028577510375705,0.007655560226486458,1.0,48.75738969,36.27052214900705
2627.0,0.740825893875396,-1.7385921053061129,-0.010790541874582008,-0.9977662114307151,2.479417999181509,0.007698723838056975,1.0,50.31991231,36.25598938588327
2637.0,0.3680365012818996,-1.5933069375809126,-0.011796974810457866,-1.225270436299013,1.9613434388628121,0.0075538957347220295,1.0,48.87072714,36.241474542870684
2648.0,0.5220624653004293,-1.5558074539067608,-0.012462003371131555,-1.0337449886063297,2.07786991920719,0.007515890427455416,1.0,47.00940406,36.226997420410626
2658.0,0.9300913791011673,-1.7393252001617068,-0.012410128005357068,-0.8092338210605377,2.669416579262874,0.007693372357881849,1.0,49.02889692,36.2125768078488
2668.0,0.8112795627891174,-1.800811365362474,-0.012758683764604092,-0.9895318025733602,2.6120909281515914,0.00775419535190685,1.0,51.40828163,36.198228736297246
2678.0,0.20363399306057772,-1.55978753331906,-0.014063189162554581,-1.3561535402584823,1.7634215263796378,0.007514490318491417,1.0,48.90859749,36.183965184516595
2688.0,0.40929562818318743,-1.5167441634103032,-0.014732668141046967,-1.1074485352271068,1.9260397915934906,0.007471381240511729,1.0,46.613975,36.16979323845069
2699.0,0.9136818721030622,-1.7211443116017318,-0.014607540330873584,-0.8074624394986643,2.634826183704794,0.007667736431185842,1.0,48.52598889,36.155714661955656
2709.0,0.9650069401485126,-1.8700886580559644,-0.014677408973862521,-0.9050817179074571,2.835095598204477,0.007818084707077915,1.0,52.18320278,36.14172583332496
2719.0,0.07594384409011568,-1.5212721812012546,-0.016313300371983162,-1.4453283371111354,1.5972160252913703,0.007470960984193307,1.0,48.60512741,36.12781801891379
2729.0,0.49632435797743213,-1.5777479099002285,-0.016650962098109148,-1.0814235519228035,2.0740722678776606,0.007522680054122764,1.0,47.40998731,36.11397796762157
2740.0,0.8250974999802771,-1.7198736675411297,-0.016725020529914987,-0.8947761675608419,2.544971167521407,0.007659632828125628,1.0,48.89856725,36.10018880561962
2750.0,0.7284961713519422,-1.744870761484746,-0.017173237818949284,-1.0163745901327985,2.4733669328366883,0.0076830013684771395,1.0,50.12182253,36.08643119080549
2760.0,0.360581036515665,-1.5733534812883132,-0.01824690387030512,-1.2127724447726536,1.9339345178039782,0.007513468148813635,1.0,48.01172772,36.07268465899238
2770.0,0.673230178617878,-1.6495584236019614,-0.018525211608465687,-0.9763282449840816,2.3227886022198394,0.007585094692850922,1.0,47.96428657,36.05892906664681
2781.0,0.7440135348148402,-1.690411239590052,-0.018928951423065544,-0.9463977047752081,2.434424774404892,0.007623476627893209,1.0,48.51555226,36.04514601475253
2791.0,0.6172943520673648,-1.6274836647698887,-0.01965990077819553,-1.010189312702522,2.2447780168372535,0.007560134507552827,1.0,47.69417114,36.03132013212802
2801.0,0.7273951369782417,-1.648401387163796,-0.02012392182048393,-0.9210062501855489,2.3757965241420376,0.007578492422785404,1.0,47.516756,36.01744011052873
2811.0,0.8088321104267528,-1.6952960496941216,-0.02050906915516635,-0.8864639392673723,2.5041281601208745,0.007622536789888985,1.0,48.13927647,36.00349941922498
2822.0,0.7093392190695127,-1.6786524316419111,-0.02110706880970458,-0.969313212572402,2.387991650711424,0.007604641120326618,1.0,48.29325545,35.98949667582362
2832.0,0.5654028923776586,-1.5696531831837444,-0.02199615820546704,-1.004250290806091,2.135056075561403,0.007497246824819135,1.0,46.50306262,35.97543569802334
2842.0,0.928392079218689,-1.7076308499065522,-0.022095284875743366,-0.7792387706878614,2.6360229291252413,0.007629089998208803,1.0,47.63396219,35.96132529205113
2852.0,0.8330457263229221,-1.722300388641818,-0.02259345762926455,-0.8892546623188977,2.55534611496474,0.007641797061901305,1.0,48.52206194,35.947178838334224
2863.0,0.6279522485287572,-1.6332643811410126,-0.023428592907384544,-1.0053121326122607,2.2612166296697698,0.007553055511517234,1.0,47.53330854,35.93301371437248
2873.0,0.8134995912845433,-1.723226401522755,-0.023688528471287537,-0.9097268102382117,2.5367259928072983,0.007639280756376815,1.0,48.59727574,35.91885055908351
2883.0,0.6858941576869348,-1.7091106931878528,-0.02427939102164292,-1.0232165355009144,2.3950048508747876,0.007623630897286686,1.0,48.98686724,35.90471234770537
2893.0,0.6143103101647469,-1.698333168444739,-0.024858166941744458,-1.0840228582799938,2.312643478609486,0.007611336268318793,1.0,49.12236108,35.890623228116525
2904.0,0.5283788192759076,-1.6006108311041132,-0.025717770710193665,-1.0722320118282056,2.1289896503800207,0.007514777067371501,1.0,47.20987525,35.87660708201709
2914.0,0.8991153294623615,-1.7632478637943265,-0.025740182317973787,-0.864132534331965,2.662363193256688,0.007671994809576561,1.0,48.95063333,35.86268582456888
2924.0,0.8078054124144423,-1.8231239500906735,-0.026094741910885403,-1.0153185376762366,2.6309293625051158,0.007731074093483428,1.0,51.0988439,35.84887753714701
2934.0,0.24336794314016075,-1.5878174643244716,-0.027371231767590043,-1.344449521184302,1.8311854074646323,0.007497770576417711,1.0,48.50772317,35.83519461706428
2945.0,0.7484753820069656,-1.8186218996446044,-0.027180486328392116,-1.0701465176376388,2.56709728165157,0.007723688097904634,1.0,51.31161488,35.82164219444109
2955.0,0.2341334586876691,-1.5958795684448255,-0.028409601179808855,-1.3617461097571635,1.8300130271324946,0.007502656381302084,1.0,48.71015902,35.80821708536466
2965.0,0.44965812021086293,-1.5434188882190423,-0.029097779458209055,-1.0937607680081882,1.9930770084299052,0.007450705866507016,1.0,46.16371617,35.79490751408729
2975.0,0.9966170753660535,-1.7270335697029928,-0.029026222389197016,-0.7304164943369287,2.7236506450690463,0.007625776246586716,1.0,47.29281886,35.78169375161223
2986.0,0.8469656357554847,-1.6866964796625297,-0.029678430780375308,-0.8397308439070414,2.5336621154180143,0.0075845262283206335,1.0,47.16097363,35.768549696637734
2996.0,0.850325346348761,-1.702450917820979,-0.03014760123763393,-0.8521255714722216,2.55277626416974,0.0075982930384763435,1.0,47.48523793,35.75544528364227
3006.0,0.8550032457295522,-1.7495572135286945,-0.030520487337837753,-0.8945539677991405,2.6045604592582468,0.00764331019981481,1.0,48.58295,35.742349463462496
3016.0,0.6918245506636218,-1.726257252633399,-0.031116568750790562,-1.0344327019697772,2.418081803297021,0.0076189274914712545,1.0,48.96421122,35.72923339241811
3027.0,0.5767051108651664,-1.6596521645189775,-0.03185888224799903,-1.082947053653804,2.236357275384144,0.0075525548530515066,1.0,47.98086951,35.71607341612024
3037.0,0.6871075851568271,-1.672182811314876,-0.032344138991215944,-0.9850752261580453,2.359290396471703,0.007562988628795567,1.0,47.60069268,35.7028534611814
3047.0,0.8171892156298597,-1.7360807336998825,-0.032670917062812554,-0.9188915180700192,2.553269949329742,0.007623900630670041,1.0,48.35835652,35.689566547886365
3057.0,0.8830464473581081,-1.8517659194376908,-0.032847269641714395,-0.9687194720795844,2.734812366795799,0.007738772097396354,1.0,50.94916618,35.676215284155816
3068.0,0.3303716093160318,-1.6052363260249827,-0.03416378583685676,-1.2748647167089544,1.9356079353410145,0.00749431043076402,1.0,48.01781842,35.66281136014636
3078.0,0.7165612503258778,-1.720177404819804,-0.034331162918567915,-1.0036161544939262,2.4367386551456818,0.007603787870777546,1.0,48.48322621,35.64937419960083
3088.0,0.7018133679757383,-1.7218558452007393,-0.03486108940962131,-1.0200424772250045,2.4236692131764777,0.007603650746780006,1.0,48.58003462,35.6359290138865
3098.0,0.7228005527941228,-1.7552500525991768,-0.0352920330109964,-1.032449499805054,2.4780506053932996,0.007634966075078981,1.0,49.26621739,35.62250453549992
3109.0,0.5636419350140471,-1.6681998604815202,-0.0361079572945242,-1.1045579254674678,2.2318417954955674,0.007548183100755391,1.0,48.02654272,35.609130681665526
3119.0,0.9272261102796477,-1.8728859655375452,-0.03600479822567942,-0.9456598552578939,2.800112075817193,0.007750530987369835,1.0,51.03943268,35.59583633146589
3129.0,0.27222723126462256,-1.6072397888818593,-0.037366955547534185,-1.3350125576172402,1.8794670201464818,0.007486683639441532,1.0,48.23460166,35.58264731899678
3139.0,0.5805280534407551,-1.6287345583617192,-0.03781923947227915,-1.0482065049209623,2.2092626118024743,0.007505290509297225,1.0,46.89742009,35.569584681486674
3150.0,0.9164818180199212,-1.7816188634789167,-0.03786351326929789,-0.8651370454589937,2.698100681498838,0.007653106175662091,1.0,48.59320857,35.55666317746661
3160.0,0.9315995844671896,-1.900423845037155,-0.038021504820040214,-0.9688242605699671,2.8320234295043445,0.007772607135879358,1.0,51.65500024,35.54389010743354
3170.0,0.16146607926664203,-1.5842673715853284,-0.03952548111703718,-1.422801292318681,1.7457334508519704,0.0074591558501079175,1.0,48.23580625,35.53126450773275
3180.0,0.5152373087408222,-1.5828742552026451,-0.04003373114059909,-1.0676369464618318,2.0981115639434673,0.007455930088003512,1.0,46.11276619,35.518776818573045
3191.0,1.0157365769653346,-1.7942192635054308,-0.039875123786616846,-0.7784826865400873,2.8099558404707654,0.007659842131177375,1.0,48.2039,35.50640912850237
3201.0,0.6581711827119712,-1.6389543538343059,-0.040866556702475174,-0.9807831711223258,2.297125536546277,0.007506334377581947,1.0,46.53589903,35.49413606555114
3211.0,0.9090516399247228,-1.7165588669150882,-0.041120774354266976,-0.8075072269903671,2.625610506839811,0.007579930647410379,1.0,46.89490526,35.48192634600758
3222.0,0.8981333773341582,-1.7498730923365589,-0.041527285849669415,-0.8517397150023953,2.648006469670717,0.007611545911624231,1.0,47.7289818,35.46974491489013
3232.0,0.7363792745409832,-1.686418813458289,-0.042231015452138636,-0.9500395389172951,2.422798087999272,0.007548158164340134,1.0,47.12371502,35.45755552755583
3242.0,0.844384070779391,-1.7306939735197666,-0.042597026681830116,-0.886309902740372,2.5750780442991577,0.007589985084151244,1.0,47.52899626,35.44532354249109
3252.0,0.8004884202790983,-1.727180994266977,-0.043116851314313975,-0.9266925739878786,2.527669414546075,0.007585200253300511,1.0,47.67469645,35.43301863890255
3262.0,0.8288605793888095,-1.7738216845067072,-0.04348414530319582,-0.9449611051178906,2.6026822638955167,0.007629891815321289,1.0,48.6300436,35.42061715844392
3273.0,0.6167128886318665,-1.6517955522795393,-0.044393581950600926,-1.035082663647664,2.268508440911406,0.007509610813547323,1.0,46.90185,35.40810381034922
3283.0,0.9192671682004274,-1.7797269338652058,-0.04451046244928483,-0.8604597656647783,2.698994102065633,0.0076329406412876735,1.0,48.18169628,35.395472569395395
3293.0,0.7880023419839155,-1.7787977091056213,-0.045039646072831785,-0.9907953671217058,2.566800051089537,0.007630650360584115,1.0,48.92419668,35.38272671505808
3304.0,0.6087481207035275,-1.6982159924224955,-0.04583037066376475,-1.0894678717189663,2.306964113126023,0.007550356012363128,1.0,47.97793271,35.36987807791653
3314.0,0.7620228228650454,-1.7590301791107308,-0.04617043268388733,-0.9970073562456818,2.521053001975776,0.007608264402019098,1.0,48.52926923,35.35694564937229
3324.0,0.7045553859430989,-1.753358763926535,-0.046722188762416364,-1.0488033779834325,2.4579141498696337,0.0076011217607464205,1.0,48.70622133,35.34395375812673
3334.0,0.9624867177232588,-1.9523689319857525,-0.046654248717973835,-0.9898822142624866,2.9148556497090112,0.007801758726260257,1.0,52.42046818,35.33093002022858
3345.0,0.16822114156532209,-1.6106871413800103,-0.048259979867047505,-1.4424659998146865,1.7789082829453324,0.007461045560215667,1.0,48.39310465,35.31790323917223
3355.0,0.8436083201319313,-1.8795706795030682,-0.04795015576195323,-1.0359623593711333,2.7231789996349995,0.007723644281280094,1.0,51.08197958,35.30490138589411
3365.0,0.3130035396921045,-1.6584485453526554,-0.049172357909003296,-1.345445005660551,1.9714520850447599,0.0075034180624927015,1.0,48.62427103,35.29194974393653
3375.0,0.59056905586149,-1.6866066006216833,-0.0496088811071453,-1.0960375447601933,2.2771756564831733,0.007528575170963264,1.0,47.60564575,35.27906927689966
3386.0,0.8352815005821874,-1.7818913205602005,-0.04984186871391977,-0.9466098199780149,2.617172821142388,0.007620078342801803,1.0,48.45175545,35.26627527096081
3396.0,0.6739928153983001,-1.705800023318604,-0.050604328867177736,-1.031807207920302,2.379792838716904,0.0075437822263211655,1.0,47.51467905,35.25357632203095
3406.0,0.7746346917741285,-1.7114710985359238,-0.0511059578025175,-0.9368364067617989,2.4861057903100523,0.00754750690173814,1.0,47.03644514,35.24097376034237
3416.0,0.9351361831449125,-1.798952726666604,-0.051350284849482244,-0.8638165435216862,2.7340889098115166,0.007631838063424798,1.0,48.18076643,35.228461613017
3427.0,0.7309997325035802,-1.7286010316571758,-0.05209624089732545,-0.9976012991535939,2.459600764160756,0.007561397250718465,1.0,47.64411502,35.21602718055758
3437.0,0.8066802109631652,-1.765067499944882,-0.052497757521748345,-0.9583872889817187,2.5717477109080473,0.007595665771650691,1.0,48.05775278,35.20365224452809
3447.0,0.7530572708305208,-1.7566203376609408,-0.05303995322147101,-1.0035630668304165,2.5096776084914616,0.0075859751588603225,1.0,48.14269061,35.191314843672856
3457.0,0.7581259736109125,-1.7754537774153167,-0.0534968698868109,-1.017327803804406,2.5335797510262292,0.007603150347673674,1.0,48.55393403,35.178991472301256
3468.0,0.645206872573894,-1.6873900787717098,-0.05429855028971112,-1.0421832061978193,2.3325969513456037,0.007516024185282136,1.0,47.06014252,35.16665948313445
3478.0,0.9283891850397197,-1.813670097125808,-0.05441898651660555,-0.8852809120860883,2.7420592821655276,0.007638154985426027,1.0,48.42866163,35.15429942784952
3488.0,0.7446645173322395,-1.7790801591228238,-0.055047397709703676,-1.0344156417905879,2.5237446764550633,0.007602533152056543,1.0,48.64581866,35.14189705077199
3498.0,0.6745857612051331,-1.759286036905543,-0.05563181725113858,-1.0847002757004063,2.433871798110676,0.007581689768645707,1.0,48.54910833,35.12944467202919
3509.0,0.6387205560213616,-1.6843180409900658,-0.056400064022946186,-1.0455974849687095,2.3230385970114273,0.007507458023831335,1.0,46.92228279,35.11694176109653
3519.0,0.9528924832252841,-1.8207373441931,-0.05649585888148387,-0.8678448609678142,2.773629827418384,0.00763931377798549,1.0,48.34641142,35.10439460839377
3529.0,0.996731767208832,-1.9592178480538855,-0.05660754176917343,-0.9624860808450606,2.9559496152627176,0.007779137167050504,1.0,51.74965161,35.09181513834729
3540.0,0.26636436439103406,-1.655747586917279,-0.058088324809229354,-1.3893832225262486,1.9221119513083131,0.007476486055850801,1.0,48.36849358,35.07921904798107
3550.0,0.8350364754076587,-1.88740885626917,-0.05789159144741439,-1.052372380861513,2.7224453316768287,0.007702876976538134,1.0,50.76115,35.066623571886765
3560.0,0.33844472716693375,-1.6686352095517059,-0.05910392053373803,-1.330190482384772,2.0070799367186396,0.007485837750498508,1.0,48.1889614,35.05404524224521
3570.0,0.6604684811916535,-1.7167800565228752,-0.05947352311458861,-1.0563115753312218,2.3772485377145287,0.007530267822566535,1.0,47.40535493,35.04149801576375
3581.0,0.8763695707592447,-1.8144952190103805,-0.05969917347586105,-0.9381256482511375,2.690864789769625,0.007624490492747187,1.0,48.48511918,35.02899207417869
3591.0,0.7123154494841728,-1.7594780723365933,-0.060395727796240195,-1.0471626228524258,2.471793521820766,0.007568694711707677,1.0,48.07426468,35.016533479750315
3601.0,0.7012992215246641,-1.7229745276099973,-0.061033271355649316,-1.021675306085335,2.4242737491346613,0.007531503878818394,1.0,47.22791164,35.0041247021272
3611.0,0.8885654233166278,-1.799775451118018,-0.06131275548772363,-0.9112100278013884,2.6883408744346458,0.007605018061853192,1.0,47.95524455,34.99176585890508
3622.0,0.7645678913751404,-1.7473315418177737,-0.06200657009624419,-0.982763650442628,2.511899433192914,0.007552262421886642,1.0,47.3876644,34.97945636684197
3632.0,0.8475409095993598,-1.7827781233579323,-0.06241452211211289,-0.935237213758576,2.630319032957292,0.007585429732166183,1.0,47.7289,34.96719661958393
3642.0,0.7507641559857952,-1.7276268475480396,-0.06310603157684824,-0.9768626915622463,2.478391003533835,0.007530076638448456,1.0,46.94524,34.954989311131136
3652.0,0.9483447789958923,-1.8290425081947443,-0.06330498561716494,-0.8806977291988503,2.7773872871906367,0.007628179348087759,1.0,48.21178114,34.94284010739011
3663.0,0.6985583287387733,-1.6957164064533004,-0.06424816679249473,-0.9971580777145306,2.3942747351920737,0.007496628159883951,1.0,46.45228009,34.93075750409254
3673.0,1.0086736717009188,-1.8338970111664494,-0.06432594636405775,-0.8252233394655377,2.8425706828673682,0.007630265098603355,1.0,47.92360543,34.918751862954416
3683.0,0.9628818536803898,-1.9215110495115901,-0.06457243265101492,-0.9586291958312003,2.88439290319198,0.007717594066406167,1.0,50.44953796,34.90683376000731
3693.0,0.369053753997612,-1.6860076260321968,-0.06581794942000307,-1.3169538720345813,2.0550613800298088,0.007483997503911212,1.0,48.07337455,34.895011892819284
3704.0,0.7123254070282883,-1.7662674904697688,-0.06607545272398316,-1.053942083441484,2.478592897498057,0.00756043226660871,1.0,47.95786063,34.883290867128196
3714.0,0.7755822338916829,-1.782338151507755,-0.06652582415073352,-1.0067559176160685,2.557920385399438,0.007574742355936123,1.0,47.94884505,34.87166921068635
3724.0,0.7695666700670643,-1.7734035318287305,-0.06705280008046081,-1.0038368617616555,2.5429702018957947,0.007564625793221203,1.0,47.74114659,34.86013793653113
3734.0,0.7376937567109749,-1.7236416873474099,-0.06770616255021464,-0.9859479306364349,2.461335444058385,0.007514810640678442,1.0,46.71841786,34.848679900322324
3745.0,0.9599382999813528,-1.8485832029851892,-0.06781976707251555,-0.8886449030038364,2.808521502966542,0.007636372767632672,1.0,48.41485045,34.83727008210016
3755.0,0.6837181062749451,-1.743633053299467,-0.06864644742774646,-1.0599149470245166,2.427351159574412,0.007531991996486218,1.0,47.45844664,34.82587680090078
3765.0,0.8275182232121452,-1.791549730926313,-0.06899328112909868,-0.9640315077141608,2.6190679541384583,0.007577489578649025,1.0,47.74886351,34.814463771813585
3776.0,0.8072451970893972,-1.7984999719938166,-0.06948231955833445,-0.9912547749044194,2.605745169083214,0.007583331004839568,1.0,48.0193638,34.80299285526712
3786.0,0.8338481375907634,-1.8476899983183834,-0.06983532893965362,-1.0138418607276165,2.681538135909147,0.007630886943951845,1.0,49.07074429,34.791427321752955
3796.0,0.5136677962383551,-1.674693389014612,-0.07089251720580753,-1.1610255927762623,2.188361185252967,0.007461078002276378,1.0,46.72939593,34.77973544148719
3806.0,0.938363116590935,-1.8202508122928514,-0.07094249398038915,-0.8818876957019128,2.7586139288837863,0.007600690946955369,1.0,47.70236089,34.76789418673705
3817.0,0.8087359613044534,-1.7666035520399763,-0.07164012743855645,-0.9578675907355247,2.5753395133444297,0.007546730056312639,1.0,47.14225,34.75589279348743
3827.0,0.8622278587967394,-1.7776719754843775,-0.07212972618308068,-0.9154441166876381,2.639899834281117,0.007555912170848661,1.0,47.06849668,34.743735870551006
3837.0,0.8568432740301724,-1.7620661898525984,-0.07270829096900702,-0.9052229158224421,2.618909463882771,0.007539031053631288,1.0,46.703525,34.731445681612435
3847.0,0.9946602763607615,-1.8505217266489993,-0.07296476436639486,-0.8558614502882307,2.8451820030097608,0.007624520618610791,1.0,47.99586378,34.719063181170775
3858.0,0.7332159077185452,-1.7191139923587464,-0.07392299520170845,-0.9858980846402048,2.4523299000772916,0.007494621330119404,1.0,46.35348616,34.70664738483501
3868.0,1.038010690958334,-1.8634419748152737,-0.07400114981247971,-0.8254312838569433,2.9014526657736077,0.007634413915643675,1.0,48.00258606,34.694272720550885
3878.0,0.9088543504907385,-1.902130044036351,-0.07441430604281978,-0.9932756935456126,2.8109843945270896,0.007672088777753427,1.0,49.75561081,34.68202415271861
3888.0,0.490198825005411,-1.7384844315555146,-0.07545091810906529,-1.2482856065501053,2.2286832565609256,0.00750951192771602,1.0,48.14948067,34.669990094974615
3899.0,0.7092382067114436,-1.7694151916179397,-0.07587189037563902,-1.060176984906498,2.4786533983293833,0.007538267399075198,1.0,47.57724845,34.6582534132422
3909.0,0.8389092526669977,-1.8131362178200963,-0.07623097678187563,-0.9742269651531075,2.652045470487094,0.007579629961924517,1.0,47.84893612,34.64688113440872
3919.0,0.8745891834218078,-1.8660599781457243,-0.07655191266273484,-0.9914707947239236,2.740649161567532,0.007630969838742482,1.0,48.93455714,34.635913768859936
3930.0,0.6496073208613637,-1.765357589951643,-0.07735132405767539,-1.1157502690902774,2.4149649108130067,0.007531169231774264,1.0,47.77055442,34.625355375421854
3940.0,1.002475040387786,-1.9719884939151253,-0.07717367574484033,-0.9695134535273482,2.9744635343029113,0.007736868078469662,1.0,50.91515,34.61516560513813
3950.0,0.2680234051342083,-1.64787701029808,-0.07864836541738283,-1.3798536051638735,1.9159004154322883,0.007417529615087751,1.0,47.18417719,34.605254934876754
3960.0,0.7516709564059312,-1.7257794731496183,-0.07883724693255366,-0.9741085167436907,2.4774504295555495,0.007490313231331768,1.0,46.2110308,34.595484137690775
3971.0,1.029763302177983,-1.8398167966116414,-0.07893307853794804,-0.8100534944336601,2.8695800987896245,0.00760058447024432,1.0,47.28583326,34.58566873673237
3981.0,0.8540639541075876,-1.7723126977028123,-0.07960639799910926,-0.9182487435952211,2.6263766518104,0.0075333276344319335,1.0,46.67343409,34.57558876144749
3991.0,0.8800377266681672,-1.7489146046299222,-0.08015883138326325,-0.8688768779617604,2.6289523312980894,0.007509326304533696,1.0,45.97201886,34.565003588487556
4001.0,1.0803552188814685,-1.851518707625491,-0.08034108033143395,-0.7711634887440226,2.9318739265069595,0.007608463734175625,1.0,47.20835625,34.55367104599661
4012.0,1.2806492636901972,-2.16190308747119,-0.07998250080560897,-0.8812538237809875,3.442552351161387,0.007931503913565703,1.0,54.50893368,34.54136935478453
4022.0,0.30613584263727134,-1.9010054145191955,-0.08135416491549753,-1.5948695718819224,2.207141257156467,0.00765858693068556,1.0,53.602584934347824,34.5279199580393
4032.0,0.21275838206810604,-1.8496687051297709,-0.08213725236014492,-1.636910323061663,2.062427087197877,0.007604834761483348,1.0,52.69623618869565,34.51320893812062
4042.0,0.27475342661004376,-1.835970037838651,-0.08284345764845448,-1.561216611228609,2.1107234644486947,0.00758815115245883,1.0,51.789887443043476,34.497204601676984
4053.0,0.3887914294686716,-1.8308581107783315,-0.08357133296879687,-1.4420666813096616,2.219649540247003,0.007579704681380855,1.0,50.792903822826084,34.47996897172753
4063.0,0.4657728423473877,-1.8190660383876924,-0.08434559034749696,-1.3532931960403047,2.28483888073508,0.007564164043763096,1.0,49.88655507717391,34.46166136830574
4073.0,0.5587998639553398,-1.8101270950236188,-0.08513738286838306,-1.2513272310682808,2.3689269589789586,0.0075512329122852705,1.0,48.98020633152174,34.44253297223916
4084.0,0.6869500435176299,-1.8046782307689586,-0.08593991462687568,-1.1177281872513305,2.4916282742865885,0.007541775301972544,1.0,47.98322271130435,34.42291220459738
4094.0,0.7706547778603401,-1.7907428536067638,-0.08676163675712195,-1.020088075746429,2.561397631467104,0.007523808950991207,1.0,47.076873965652176,34.40318183431577
4104.0,0.8657781935505362,-1.7780291899471354,-0.08756688006972513,-0.9122509963965939,2.6438073834976716,0.0075071474406041986,1.0,46.17052522,34.383749817667606
4114.0,1.1371257013107972,-1.926452231722104,-0.08784152805370085,-0.7893265304113086,3.063577933032901,0.007649724739509058,1.0,48.07757237,34.36501679720098
4125.0,0.764480859057759,-1.7604890521460206,-0.089076908313294,-0.996008193088258,2.5249699112037796,0.007483518891741226,1.0,46.21052474,34.347343747940165
4135.0,1.004849659721387,-1.837753223637641,-0.08948478729283184,-0.8329035639162541,2.842602883359028,0.007555579782541569,1.0,46.59769043,34.33102330560044
4145.0,0.9845287326810919,-1.8466140083929474,-0.09006003199609727,-0.8620852757118485,2.8311427410740393,0.007561959678794317,1.0,46.87639828,34.31625781391004
4156.0,0.8887168155135967,-1.7761157204599947,-0.09083817920323325,-0.8873989049463944,2.6648325359735914,0.00749164942332711,1.0,45.76136567,34.30314619622513
4166.0,1.1064101300464593,-1.8780445843447158,-0.0910067307395402,-0.7716344542982512,2.984454714391175,0.0075900168205297255,1.0,46.87583915,34.291680595874354
4176.0,1.0629638461642053,-1.9515186101377786,-0.09122417085175961,-0.8885547639735734,3.014482456301984,0.00766304216365234,1.0,48.92655,34.281752559214375
4186.0,0.5364059486222281,-1.7120628707416632,-0.09238579956281645,-1.1756569221194368,2.2484688193638913,0.007428742574123033,1.0,46.22390213,34.27316752592959
4197.0,1.0121107160322005,-1.9123680023130092,-0.09212105548051813,-0.9002572862808123,2.9244787183452097,0.007623927253643636,1.0,48.24757372,34.26566564309617
4207.0,0.6840552954016026,-1.7633335611130008,-0.0929379249719931,-1.0792782657114017,2.4473888565146034,0.007478251595706512,1.0,46.58008419,34.258946469957856
4217.0,0.9988636355075826,-1.8884183582544392,-0.09287113051244728,-0.8895547227468654,2.8872819937620218,0.0076007435946873715,1.0,47.74807548,34.25269498223067
4227.0,0.697049581481707,-1.7169746298290995,-0.09374887600192658,-1.019925048347389,2.4140242113108066,0.007434470776738681,1.0,45.47332167,34.246606388742954
4238.0,1.199738226853082,-2.02547217078045,-0.09313119499445041,-0.825733943927375,3.225210397633532,0.00774048542268201,1.0,50.05765897,34.24040760268646
4248.0,0.34690423064239795,-1.6460889158579946,-0.0946965201351616,-1.2991846852156002,1.9929931465003925,0.007369196893998619,1.0,45.83876009,34.23387372294646
4258.0,0.9830728665599011,-1.8149876212194496,-0.09451355882537545,-0.8319147546595573,2.7980604877793507,0.007529827772877364,1.0,46.13289223,34.22683852349448
4269.0,1.037024254074808,-1.8444647864985146,-0.09482869070171332,-0.8074405324236977,2.8814890405733227,0.007558577618164636,1.0,46.51002383,34.2191986480214
4279.0,0.9332851195623597,-1.7909435729882865,-0.09542112863419472,-0.8576584534259197,2.7242286925506463,0.007505891822563211,1.0,45.85069481,34.21091187822058
4289.0,0.9777271560956038,-1.77090060908756,-0.09592873488785757,-0.7931734529919581,2.748627765183164,0.007485643866813914,1.0,45.15606822,34.201990407618986
4299.0,1.1890990609144652,-1.8780121561887473,-0.09605444604539629,-0.6889130952742732,3.0671112171032124,0.007589601638392829,1.0,46.40934599,34.1924904504799
4310.0,0.9526121711233273,-1.78134621106277,-0.09685811306317833,-0.828734039939441,2.7339583821860973,0.007494366763299607,1.0,45.49427647,34.18249971869297
4320.0,1.0969189062620508,-1.8445144368844844,-0.09715197758681178,-0.7475955306224336,2.941433343146535,0.007554874223463874,1.0,46.11572353,34.172124309303804
4330.0,0.9808002528279296,-1.7997024191945172,-0.09780012327573658,-0.8189021663665841,2.780502672022447,0.007510042509696347,1.0,45.71451891,34.16147638510439
4340.0,1.0846873842399525,-1.8587973480195572,-0.09812198762051214,-0.7741099637796012,2.9434847322595097,0.007566735361750673,1.0,46.47143671,34.15066373947732
4351.0,0.9250924719818698,-1.7717596621946683,-0.09892324884257708,-0.8466671902128056,2.696852134176538,0.007480954612519755,1.0,45.3572962,34.13978196182141
4361.0,1.1397817834327135,-1.8710442160784329,-0.09911407098586583,-0.7312624326457211,3.0108259995111464,0.0075766035987798325,1.0,46.41109419,34.12890951283897
4371.0,1.12652473474499,-1.964648380430214,-0.09933088577786027,-0.8381236456852292,3.091173115175204,0.00766932438986633,1.0,48.74103167,34.1181056312261
4382.0,0.6470580494097113,-1.755331422032274,-0.10051503434945666,-1.1082733726225698,2.4023894714419853,0.007462832464268555,1.0,46.46332218,34.10741067022388
4392.0,1.0270572559649231,-1.9170077472432698,-0.10049113144566325,-0.8899504912783485,2.944065003208193,0.007619795737324946,1.0,48.10815837,34.09684823762713
4402.0,0.6808989811853792,-1.7502509554108183,-0.10151783661840158,-1.069351974225448,2.4311499365961975,0.007455864777463395,1.0,46.12107301,34.08642840590238
4412.0,1.0910447442813442,-1.927141991495814,-0.10143376634978098,-0.8360972472144681,3.0181867357771583,0.007627758240948044,1.0,47.9404359,34.07615127443539
4423.0,0.7819366975038378,-1.7896171432282575,-0.10236531865070252,-1.007680445724418,2.5715538407320953,0.007491893400324372,1.0,46.42565565,34.06601028892764
4433.0,1.1203402069534576,-1.9795899294744235,-0.10223749086991499,-0.8592497225209641,3.099930136427881,0.007678963184701578,1.0,49.0557887,34.055994918202735
4443.0,0.46053223765783713,-1.6497676078052805,-0.10377887001757019,-1.1892353701474434,2.1102998454631177,0.007357510520056529,1.0,45.03633382,34.04609250747939
4454.0,1.1362943465156796,-1.8757291996954741,-0.10350954399321728,-0.7394348531798016,3.0120235462111538,0.007573033720087557,1.0,46.39255913,34.03628932286955
4464.0,0.9725272084192369,-1.8098325304162763,-0.10418406088453208,-0.837305321997043,2.7823597388355132,0.007507479870345427,1.0,45.76868282,34.02657094432259
4474.0,1.0395711255283402,-1.8218736267943036,-0.10460628140465664,-0.7823025012659599,2.861444752322644,0.007518123591722068,1.0,45.65925651,34.01692224511222
4484.0,1.2177443414407385,-1.9696358692726506,-0.10460142604541856,-0.7518915278319085,3.187380210713389,0.007664001644596909,1.0,48.12524691,34.00732722279273
4495.0,0.7361341642267725,-1.7645155053659298,-0.1057332452447342,-1.0283813411391591,2.5006496695927023,0.007461812240932492,1.0,46.00156875,33.99776893127026
4505.0,0.982394746504994,-1.8215138358713858,-0.1060030980500876,-0.8391190893663918,2.80390858237638,0.007515746806000321,1.0,45.92357,33.988229714729364
4515.0,0.9954352458765392,-1.8005927202451115,-0.10652800360561338,-0.8051574743685777,2.7960279661216507,0.007494332882442066,1.0,45.36856463,33.97869186685192
4525.0,1.2735542274866667,-1.9910274526363914,-0.10638555045292866,-0.7174732251497176,3.264581680123058,0.007682416692251484,1.0,48.26842656,33.969138739411164
4536.0,0.6707880326224469,-1.6888479880039053,-0.1078369900579472,-1.0180599553814602,2.3596360206263522,0.007386518657150939,1.0,44.63612275,33.95955621396327
4546.0,1.204595920423973,-1.8704450103946328,-0.1076981527556931,-0.6658490899706564,3.0750409308186057,0.007560001330124409,1.0,45.76490082,33.94993434632248
4556.0,1.0679290707258104,-1.8320299220262761,-0.10828564191954074,-0.7641008513004692,2.8999589927520866,0.007521397542820932,1.0,45.61895061,33.940268917970606
4567.0,1.1569285051911926,-1.9825501499549052,-0.1082894905574697,-0.8256216447637144,3.139478655146098,0.0076706226958677785,1.0,48.69037284,33.930562601912285
4577.0,0.5140328702583439,-1.677989007522422,-0.10975252042422134,-1.1639561372640799,2.192021877780766,0.00737340823781194,1.0,45.17837377,33.92082548217543
4587.0,1.0201124077853905,-1.7877681422885825,-0.10984520985937946,-0.7676557345031938,2.807880550073973,0.007476014341354204,1.0,44.85916829,33.91107475036059
4597.0,1.2034463015274355,-1.863149823216828,-0.1100646962538564,-0.6597035216894014,3.0665961247442635,0.0075481787156892145,1.0,45.52775285,33.90133352206701
4608.0,1.062841056458364,-1.7969695017453677,-0.11075484895677432,-0.7341284452870056,2.8598105582037316,0.007482780107324842,1.0,44.80061136,33.89162884883136
4618.0,1.3470977311420036,-1.9974420643527413,-0.11058169964377415,-0.6503443332107466,3.344539795494745,0.007680704030653701,1.0,47.84358898,33.88198912613262
4628.0,0.6072787105267707,-1.660497717202805,-0.11214188183384045,-1.0532190066760378,2.2677764277295758,0.007351981552313383,1.0,44.23265861,33.87244119750159
4638.0,1.2029714772138007,-1.8442226442254732,-0.1119811950011566,-0.6412511670116672,3.047194121439274,0.007525996501008444,1.0,45.05210915,33.86300751681418
4649.0,1.1050963934041889,-1.7870831853871287,-0.11262645413365927,-0.6819867919829434,2.8921795787913176,0.007469584699854795,1.0,44.31438982,33.85370374812832
4659.0,1.3061387895942893,-1.9022668319333267,-0.1127016229566441,-0.596128042339032,3.208405621527616,0.0075815037903551605,1.0,45.76602016,33.844537150031826
4669.0,1.1584845000738042,-1.926664300209163,-0.11307033108259029,-0.7681798001353641,3.0851488002829672,0.007605395922353356,1.0,47.13545122,33.83550600703478
4680.0,0.8428226922506816,-1.7857843140300034,-0.1139818835005515,-0.9429616217793182,2.628607006280685,0.007467310616870344,1.0,45.63426393,33.826600237586696
4690.0,1.0331355069057295,-1.833703305315412,-0.11425606921011597,-0.8005677984096806,2.8668388122211415,0.007512809231146357,1.0,45.66446898,33.817803139913025
4700.0,1.0510692928373864,-1.8327573470084317,-0.11468962931984666,-0.7816880541710418,2.883826639845818,0.007511118603208419,1.0,45.53433534,33.80909405763113
4711.0,1.024415974739874,-1.7755920347798746,-0.11531522489971027,-0.7511760600400024,2.8000080095197486,0.007455021274007315,1.0,44.42170902,33.80045159174783
4721.0,1.2448721552239554,-1.8673021519206419,-0.11544102363600722,-0.6224299966966882,3.1121743071445973,0.007543288340613198,1.0,45.2481957,33.791856891153294
4731.0,1.1583096628911456,-1.869043977754119,-0.11586442276677772,-0.7107343148629752,3.0273536406452646,0.0075445208717774045,1.0,45.73573415,33.78329654508603
4741.0,1.0392827630231558,-1.8309535238005168,-0.11641660019161694,-0.7916707607773645,2.8702362868236726,0.007506796538231202,1.0,45.51254231,33.77476467876918
4752.0,1.1483293771812484,-1.9720528525082042,-0.11640347952716061,-0.8237234753269576,3.1203822296894526,0.007646405743785975,1.0,48.21827177,33.76626399291758
4762.0,0.49281690562574454,-1.6235783956455183,-0.11798909983215153,-1.130761490019772,2.116395301271263,0.007309919821095449,1.0,43.92164337,33.75780565125528
4772.0,1.2068797775842732,-1.8255129468223465,-0.11771523175531737,-0.6186331692380733,3.0323927244066198,0.007499561108749305,1.0,44.49257258,33.74940807209295
4782.0,1.2631751758089926,-1.870737103699021,-0.11798500781183532,-0.6075619278900319,3.1339122795080137,0.007543066684353096,1.0,45.16701693,33.74109479799199
4793.0,1.087291290286391,-1.7879921199846667,-0.11868182675450635,-0.7007008296982775,2.8752834102710576,0.007462062454075417,1.0,44.28384711,33.73289169566262
4803.0,1.4204695362510513,-2.011789451013346,-0.11837484632842624,-0.5913199147622876,3.4322589872643974,0.0076833462494389285,1.0,47.55260612,33.72482378400016
4813.0,0.6496530452456888,-1.6726760973487043,-0.11989761334584745,-1.0230230521030137,2.322329142594393,0.007352523354382147,1.0,44.08804639,33.71691201390917
4824.0,1.2174752953859915,-1.8586023648114267,-0.11967951517448608,-0.6411270694254299,3.0760776601974182,0.007529656781154226,1.0,45.1135738,33.7091703359785
4834.0,1.1304044230445882,-1.8343828987496078,-0.12015106611544528,-0.7039784757050214,2.964787321794196,0.007505603195224849,1.0,45.03129677,33.70160338670655
4844.0,1.1265915401160136,-1.8338717090293137,-0.12054038086259354,-0.7072801689133001,2.9604632491453273,0.007504747083002047,1.0,45.03389256,33.694205089098105
4854.0,1.2381113211543173,-1.9332768247710774,-0.12060242015871216,-0.6951655036167566,3.1713881459253948,0.00760259058872067,1.0,46.67532381,33.68695838910173
4865.0,0.8941052656398014,-1.7735681575313968,-0.12152048291388941,-0.879462891891599,2.6676734231711983,0.007446673395266487,1.0,44.94073924,33.67983623399209
4875.0,1.1130018863406868,-1.8300613413689444,-0.12170303842667918,-0.717059455028263,2.943063227709631,0.0075006131855744704,1.0,45.01442222,33.672803751010875
4885.0,1.098716976402713,-1.8072843945709103,-0.12214967797046661,-0.708567418168208,2.906001370973623,0.0074780748774255675,1.0,44.59051043,33.66582142292249
4895.0,1.2878824809918648,-1.9255097835097423,-0.12213828517632033,-0.6376273025178847,3.213392264501607,0.007593923623193959,1.0,46.20579153,33.65884890935154
4906.0,0.9215278316881985,-1.7382052073899406,-0.12314476616173939,-0.8166773757017367,2.659733039078139,0.007411643432634416,1.0,44.03128313,33.6518490608483
4916.0,1.2488247643118093,-1.8484684256332038,-0.12314847035163004,-0.5996436613214016,3.097293189945013,0.007517239648900246,1.0,44.69100655,33.64479164174729
4926.0,1.1844144018502938,-1.8380189160563791,-0.12356279903690105,-0.6536045142060871,3.022433317906673,0.00750675606685904,1.0,44.7909068,33.63765632452704
4937.0,1.234381505640755,-1.9508839949174597,-0.12359497966953219,-0.7165024892766994,3.1852655005582147,0.007618485602635295,1.0,47.08116899,33.63043462719952
4947.0,0.6290372107623554,-1.6321086043680548,-0.12505337173762415,-1.0030713936057012,2.2611458151304102,0.007311263995187643,1.0,43.30783948,33.62313060812388
4957.0,1.2860144065884036,-1.8306843123377607,-0.124753081109773,-0.5446699057493589,3.1166987189261643,0.007498349507338786,1.0,44.10251012,33.6157602822739
4967.0,1.2829400597275367,-1.8531715354967169,-0.12506699130824958,-0.5702314757691838,3.1361115952242535,0.00751985355971728,1.0,44.58528884,33.60834986016637
4978.0,1.1998226416533875,-1.851660850217348,-0.12547540684467792,-0.6518382085639587,3.0514834918707354,0.007518346838603053,1.0,44.97732903,33.60093302284556
4988.0,1.161320237964727,-1.861312469246588,-0.1258329565752756,-0.6999922312818683,3.022632707211315,0.007527550162811553,1.0,45.38542717,33.593547525217765
4998.0,0.8848331873377582,-1.6874393137706338,-0.12679914261682756,-0.8026061264328774,2.572272501108392,0.007359963772743887,1.0,43.12112123,33.5862314630537
5009.0,1.3432499990611433,-1.858034435376526,-0.12661253868960828,-0.5147844363153808,3.201284434437669,0.007523029125177866,1.0,44.3589249,33.57901955048744
5019.0,1.160438277262962,-1.788736847345957,-0.12721645701859355,-0.6282985700829968,2.949175124608919,0.0074553202602147435,1.0,43.81317992,33.5719397419534
5029.0,1.4856630493322172,-2.0193330334752897,-0.12684110990775457,-0.5336699841430743,3.504996082807507,0.00768380835010317,1.0,47.23412353,33.56501049868718
5040.0,0.7439822722584886,-1.6664582804931545,-0.12839593844658762,-0.9224760082346677,2.410440552751643,0.007339958882087432,1.0,43.37994392,33.55823894409425
5050.0,1.2989842732841375,-1.8442152073579976,-0.1281380941482657,-0.5452309340738637,3.143199480642135,0.007508650807165388,1.0,44.27429012,33.5516200744441
5060.0,1.1893848201585442,-1.8024959719493214,-0.128627943774705,-0.6131111517907755,2.9918807921078656,0.0074678212593876254,1.0,43.94208431,33.545137097298436
5070.0,1.2096949173467344,-1.8005808943659058,-0.12898164485054925,-0.5908859770191768,3.0102758117126402,0.00746560589771031,1.0,43.79671385,33.538762869552976
5081.0,1.1691487702207475,-1.7490102371712624,-0.12950794792399248,-0.5798614669505184,2.91815900739201,0.0074155963982469346,1.0,42.94384189,33.53246230777496
5091.0,1.3537354654205096,-1.8234999240948113,-0.12960158936289984,-0.46976445867429817,3.177235389515321,0.0074870674567724185,1.0,43.55394492,33.52619554952183
5101.0,1.3001516857072524,-1.8269293854834654,-0.12993858767584726,-0.5267776997762113,3.1270810711907178,0.007490462579499513,1.0,43.88583359,33.51992156025203
5111.0,1.2451685694451058,-1.8222148590817628,-0.130304445862364,-0.5770462896366553,3.0673834285268686,0.007485903885883725,1.0,44.05926627,33.513601818233234
5122.0,1.3017246739748565,-1.928606351493114,-0.13032197332699164,-0.6268816775182486,3.2303310254679705,0.0075910517646285355,1.0,46.09718819,33.507203688456485
5132.0,0.7184951317690285,-1.6251447279926658,-0.13170787230911257,-0.9066495962236445,2.3436398597616943,0.007299517957968887,1.0,42.65449348,33.50070313261573
5142.0,1.355632249774839,-1.8291050760909506,-0.13135332199079175,-0.47347282631611165,3.1847373258657896,0.007491806272749772,1.0,43.64783359,33.49408649794975
5153.0,1.2376455323068676,-1.7815811357867126,-0.13188311047754753,-0.5439356034798379,3.01922666809358,0.007445491558592606,1.0,43.24653938,33.487351265638004
5163.0,1.3451308294990412,-1.8402618178364154,-0.13205210714526822,-0.49513098833737956,3.1853926473354566,0.0075020104540177626,1.0,43.91803105,33.480505787929204
5173.0,1.2794433732538124,-1.8469339225963033,-0.1324015520348278,-0.5674905493424944,3.1263772958501157,0.007508402752222106,1.0,44.38158152,33.47356816933704
5183.0,1.0120049548260432,-1.7013949646416524,-0.13326165789639577,-0.6893900098156109,2.7133999194676957,0.007367959855395189,1.0,42.70976836,33.46656452783438
5194.0,1.3661114712912337,-1.83877429197668,-0.13317482078296622,-0.47266282068544285,3.2048857632679137,0.007499221738467738,1.0,43.76321738,33.45952689751869
5204.0,1.197870582206324,-1.774174798351197,-0.13376075754734265,-0.5763042161448766,2.972045380557521,0.007436238426800525,1.0,43.253993,33.452491007624126
5214.0,1.5775404719072625,-2.0392917009613303,-0.13326546593456906,-0.46175122905406596,3.616832172868593,0.007699078055092313,1.0,47.10623544,33.445494107676325
5224.0,0.6509158166879594,-1.641278743171764,-0.1349790073232372,-0.9903629264838116,2.2921945598597233,0.007311617210676432,1.0,43.25140927,33.43857292844215
5235.0,1.2085093879969726,-1.7744551405222602,-0.13486801021835218,-0.5659457525252876,2.9829645285192328,0.007435606529047496,1.0,43.19446858,33.43176180160613
5245.0,1.289545142030228,-1.7957935370730578,-0.13514347854043712,-0.5062483950428316,3.0853386791032857,0.007455369460568483,1.0,43.22370923,33.425090930543625
5255.0,1.1217869801121765,-1.6908678650228346,-0.13584051454191012,-0.5690808849106617,2.812654845135011,0.0073542562412592235,1.0,41.94376811,33.418584816013635
5266.0,1.365109086961155,-1.7687771854364467,-0.1359204181332336,-0.4036680984752863,3.1338862723976018,0.007427720769965935,1.0,42.31561085,33.412260881022064
5276.0,1.3789736739257243,-1.7893399183935745,-0.13618620933835504,-0.41036624446784487,3.168313592319299,0.007447403436743661,1.0,42.64926802,33.406128385722724
5286.0,1.3675356192151327,-1.8081525818825863,-0.1364544641391288,-0.4406169626674554,3.175688201097719,0.007465724813466801,1.0,43.07634828,33.400187755531526
5296.0,1.2679981236869864,-1.7770485266199145,-0.13688250966804946,-0.5090504029329281,3.045046650306901,0.007435757365499233,1.0,42.92749905,33.39443045097744
5307.0,1.3902098149842708,-1.8774035120779864,-0.13687864234120956,-0.48719369709372273,3.267613327062257,0.0075340138754855955,1.0,44.40191908,33.38883947994211
5317.0,0.9457127528456084,-1.6604828740538835,-0.13792857221330912,-0.7147701212082822,2.606195626899492,0.007325840616175672,1.0,42.17121635,33.383390590297395
5327.0,1.3549315667793032,-1.7889357365215108,-0.1377827730881052,-0.43400416974220946,3.143867303300814,0.007447040796463686,1.0,42.7531482,33.37805408918561
5338.0,1.190263354770753,-1.69294694398444,-0.13841777881122871,-0.5026835892136816,2.883210298755193,0.007355053388428168,1.0,41.65861483,33.37279713088068
5348.0,1.7473230891570637,-2.0006158133370473,-0.13770479251496603,-0.2532927241799854,3.747938902494111,0.007656948710469827,1.0,45.2606053,33.36758622485384
5358.0,0.9726130668526842,-1.7189253161166498,-0.13895719452095087,-0.7463122492639656,2.691538382969334,0.007381616252011386,1.0,43.19719264,33.36238966782515
5368.0,1.0279643613557745,-1.6556755758820092,-0.13946504040722044,-0.6277112145262365,2.6836399372377837,0.007320824225181516,1.0,41.69967962,33.35717961666115
5379.0,1.4479705762089168,-1.8179898645706096,-0.1392168300738681,-0.3700192883616893,3.2659604407795264,0.007475299627462644,1.0,42.89535692,33.3519335917796
5389.0,1.2837158061664233,-1.7658601042640854,-0.13969992386042845,-0.48214429809766557,3.0495759104305087,0.0074250705698408245,1.0,42.63507701,33.34663531150264
5399.0,1.4660594336707113,-1.8804825421480764,-0.13962714253122283,-0.4144231084773651,3.3465419758187878,0.007536877010574664,1.0,44.08783723,33.34127487433731
5409.0,0.9579825972730589,-1.6440820230914177,-0.14074631728243597,-0.6860994258183553,2.6020646203644766,0.007310122193054285,1.0,41.79952558,33.3358484010761
5420.0,1.4199974742716321,-1.813596351111789,-0.14047710261336896,-0.3935988768401515,3.233593825383421,0.007470880045512091,1.0,42.93645236,33.33035730927061
5430.0,1.3123265139784763,-1.7898958788454031,-0.14087280613402242,-0.47756936486693036,3.1022223928238795,0.007448023477081815,1.0,42.97211806,33.32480741947571
5440.0,1.0679159420910835,-1.6506198581002351,-0.1416617174343508,-0.5827039160091587,2.7185358001913187,0.007315005629260812,1.0,41.41215349,33.31920809022962
5451.0,1.328042448552658,-1.7187845866965041,-0.1417392974263297,-0.3907421381438425,3.046827035249162,0.007378292216581329,1.0,41.5121575,33.313571549160834
5461.0,1.4580500937882839,-1.7883919551851992,-0.14181943900036886,-0.33034186139691,3.246442048973483,0.0074449691757205415,1.0,42.24629769,33.30791253165661
5471.0,1.4199174790122484,-1.8102158000557491,-0.1420680157609104,-0.3902983210435025,3.2301332790679975,0.007466424495460002,1.0,42.85155916,33.30224826094651
5481.0,1.2199575746204587,-1.73144870271679,-0.14265380923205667,-0.5114911280963241,2.9514062773372487,0.007390651750472324,1.0,42.23877278,33.29659871639506
5492.0,1.3482875987602654,-1.7835227465421895,-0.142798627046813,-0.43523514778192407,3.131810345302455,0.007440461573021087,1.0,42.65668628,33.290987058005996
5502.0,1.1477717908806007,-1.678993787614539,-0.14346417776098108,-0.5312219967339402,2.8267655784951398,0.007340375966945515,1.0,41.56475358,33.285440022061515
5512.0,1.4604341823977336,-1.8052055600983294,-0.14333431325848278,-0.34477137770059585,3.265639742496063,0.007460590019717295,1.0,42.55092893,33.27998808600783
5523.0,1.0731821505159935,-1.6101688797349265,-0.14431265263026666,-0.5369867292189312,2.68335103025092,0.007275065084996534,1.0,40.62579405,33.27466522035546
5533.0,2.0050388443982037,-2.1058812382339074,-0.14296281147920997,-0.10084239383569837,4.110920082632111,0.007763144192268736,1.0,46.26879248,33.2695080933704
5543.0,0.6132175502104076,-1.5411352608289253,-0.14519159049321348,-0.9279177106185088,2.154352811039333,0.007214744718339733,1.0,41.43579925,33.26455466063879
5553.0,1.2677940013584816,-1.7104195936949314,-0.1448295918424382,-0.44262559233644794,2.978213595053413,0.007369590929580955,1.0,41.61067281,33.259842150126694
5564.0,1.4650777969552422,-1.810565599143544,-0.14476369828282037,-0.3454878021882948,3.2756433960987863,0.007466063627482481,1.0,42.63854506,33.25540454237247
5574.0,1.2159626060535729,-1.7101897872714105,-0.14536610838811925,-0.4942271812178376,2.9261523933249833,0.0073700270060831526,1.0,41.84665871,33.2512697417131
5584.0,1.7045258586289016,-1.9902610197375612,-0.1446762593109715,-0.2857351611086614,3.694786878366463,0.007645377556171953,1.0,45.2329,33.247456726724465
5594.0,0.800413921037034,-1.607987997900663,-0.1462351618180986,-0.8075740768636379,2.408401918937697,0.007276797421759672,1.0,41.84015038,33.2439730362701
5605.0,1.3278991974640064,-1.7590519516963727,-0.14591402853903834,-0.43115275423236454,3.086951149160379,0.007418203601631188,1.0,42.29501698,33.240812969113094
5615.0,1.3003286101185196,-1.7420454176144613,-0.14618077264600168,-0.44171680749594344,3.042374027732981,0.007402306679008876,1.0,42.10026199,33.23795683402638
5625.0,1.4182893411417012,-1.8040067444843242,-0.14617218275497892,-0.3857174033426318,3.2222960856260254,0.007462736040704394,1.0,42.77290878,33.235371481207004
5636.0,1.1270968127645133,-1.6533490485806936,-0.1468972880496251,-0.5262522358161803,2.780445861345207,0.007319628395227242,1.0,41.23349583,33.23301218736723
5646.0,1.4208669080309946,-1.7582466415904268,-0.1467138290859901,-0.3373797335594304,3.1791135496214213,0.007419428507628805,1.0,41.89160646,33.23082578164324
5656.0,1.3915270509794766,-1.767092627074879,-0.14687275674670514,-0.3755655760954042,3.1586196780543556,0.007429054579983682,1.0,42.20850653,33.22875471959659
5666.0,1.2069652732134912,-1.682130494080079,-0.14735106542682724,-0.4751652208665931,2.88909576729357,0.00734881211443098,1.0,41.44372098,33.22674166962471
5677.0,1.5060187528976847,-1.8367820975336056,-0.147017866112323,-0.33076334463591905,3.3428008504312903,0.007498728709369255,1.0,43.07773811,33.22473409469826
5687.0,0.9768998594375766,-1.5948389194641877,-0.14804842639768118,-0.6179390600266075,2.5717387789017643,0.007269307357875328,1.0,40.88783974,33.22268830607546
5697.0,1.4254146524762916,-1.7464691700448611,-0.14769112365307763,-0.3210545175685695,3.1718838225211528,0.007411955942919106,1.0,41.70737444,33.22057253495686
5708.0,1.1590435137109694,-1.6150825763196845,-0.14834615534131812,-0.45603906260871696,2.774126090030654,0.007288178278864762,1.0,40.47391809,33.218368700490636
5718.0,1.8314584278424846,-1.9504189909358356,-0.14740530077897349,-0.11896056309335279,3.78187741877832,0.00761420815926043,1.0,43.89552007,33.21607272542214
5728.0,0.9765120722488554,-1.6231317939543484,-0.1487378319249646,-0.6466197217054983,2.5996438662032038,0.007298902087567594,1.0,41.45323993,33.213693435815266
5738.0,1.1909307238295064,-1.6483073234786474,-0.14882787796488092,-0.45737659964914457,2.8392380473081538,0.007321597978436013,1.0,40.96459906,33.21125025079351
5749.0,1.4548676354939616,-1.7619178733932301,-0.1486395074395523,-0.30705023789926855,3.2167855088871917,0.0074301990659791615,1.0,41.918575,33.20876999973768
5759.0,1.136122587227554,-1.6205454600357214,-0.1493313464211195,-0.4844228728081674,2.7566680472632754,0.0072966468429789344,1.0,40.71616308,33.20628328369914
5769.0,1.829632404663137,-1.9719076083261715,-0.14833666885499214,-0.14227520366303992,3.8015400129893084,0.007639165892156168,1.0,44.40999407,33.20382081949484
5780.0,0.936642503778014,-1.601213982863241,-0.14983250337269,-0.6645714790852324,2.537856486641255,0.007281598873344959,1.0,41.27320855,33.20141017153065
5790.0,1.3593285390006322,-1.729993341010852,-0.14954725430230376,-0.3706648020102179,3.089321880011484,0.007402197565775764,1.0,41.78069665,33.19907319712587
5800.0,1.271902089372034,-1.6880739243150646,-0.14987764874543075,-0.4161718349430359,2.9599760136870987,0.0073627143099172275,1.0,41.3920635,33.19682442009327
5810.0,1.3067099261478248,-1.6905126440232507,-0.15004789326943274,-0.38380271787542597,2.9972225701710755,0.00736531937021704,1.0,41.28970078,33.194670420880215
5821.0,1.2152726302548693,-1.6284158428788835,-0.15044895330745872,-0.4131432126240142,2.843688473133753,0.007307037981343538,1.0,40.56533606,33.192610206091125
5831.0,1.441162629185225,-1.7203335287664192,-0.15029877505577294,-0.2791708995811888,3.1614961579516443,0.007394430128681885,1.0,41.26546264,33.19063641081964
5841.0,1.4188923425030637,-1.7374669729020589,-0.15041736990866506,-0.3185746303989987,3.1563593154051226,0.0074119815501038295,1.0,41.69682815,33.18873710621348
5852.0,1.6318984733547097,-1.9595626178702972,-0.14985697148300398,-0.32766414451558745,3.591461091225007,0.007632557771839719,1.0,45.23288881,33.1868979395172
5862.0,0.7725551916816151,-1.5876430078690547,-0.15134601719159088,-0.815087816187436,2.36019819955067,0.007275425632550665,1.0,41.85327695,33.18510432595351
5872.0,1.052798294054206,-1.5949661545949354,-0.15144846834748796,-0.5421678605407294,2.6477644486491414,0.007280448695533205,1.0,40.72614758,33.18334343745049
5882.0,1.389735588526527,-1.7022656355308872,-0.1512135639542349,-0.3125300470043584,3.092001224057414,0.007380924746765053,1.0,41.21112602,33.18160578527742
5893.0,1.2168179300453765,-1.6165774628388885,-0.1516824596664598,-0.3997595327935102,2.833395392884265,0.007300482127738254,1.0,40.41516023,33.1798862631126
5903.0,1.7889286448568278,-1.906089724439921,-0.15085332347977506,-0.11716107958308442,3.695018369296749,0.0075814784692768665,1.0,43.37027612,33.17818459383885
5913.0,0.9401310815714616,-1.5682614001418784,-0.15220418589580376,-0.6281303185704203,2.50839248171334,0.007258646987960226,1.0,40.77511333,33.17650519723561
5924.0,1.3728565393230099,-1.7071707110905123,-0.15185888129064556,-0.33431417176750244,3.080027250413522,0.007388554732859993,1.0,41.4178119,33.1748565579194
5934.0,1.3707145915364976,-1.717700426931561,-0.15197922453550858,-0.346985835395067,3.0884150184680585,0.007399421652441574,1.0,41.63460263,33.17325021729836
5944.0,1.2641441057801295,-1.6715752538478412,-0.1522952509146301,-0.4074311480677082,2.9357193596279707,0.007356229833800347,1.0,41.25809741,33.17169953698815
5955.0,1.1502605674858088,-1.5873654825244845,-0.15274507735168308,-0.4371049150386739,2.7376260500102934,0.007277306349148587,1.0,40.23929259,33.17021838415656
5965.0,1.413804384382214,-1.6855580410353959,-0.15253537933868988,-0.27175365665318907,3.0993624254176098,0.007369810352216503,1.0,40.87515554,33.16881987463194
5975.0,1.407276786227861,-1.7040275944099488,-0.1526180415195065,-0.29675080818208954,3.11130438063781,0.007388512042048402,1.0,41.2544262,33.167515282651564
5985.0,1.3365816724672932,-1.6877560453826046,-0.15281764336465004,-0.3511743729153167,3.024337717849898,0.007374050253357917,1.0,41.27698146,33.16631319299101
5996.0,1.2656646622121208,-1.6506575655548552,-0.15309125230002504,-0.3849929033427273,2.916322227766976,0.007339708017998289,1.0,40.91936148,33.16521893735319
6006.0,1.128317071897687,-1.56690464136887,-0.15351159678747212,-0.4385875694711885,2.695221713266557,0.007261688048618236,1.0,40.02361575,33.16423432637984
6016.0,1.45849399763026,-1.6966840818080549,-0.15317009047514826,-0.23819008417779486,3.155178079438315,0.007384079048437354,1.0,40.93948727,33.16335766393253
6027.0,1.1878484735114334,-1.583486811673211,-0.15370193915027575,-0.3956383381617812,2.7713352851846444,0.007278494940348628,1.0,40.08515993,33.16258401193595
6037.0,1.7096399201207078,-1.8333753380229698,-0.15295095659931887,-0.12373541790226739,3.5430152581436776,0.0075188639636475955,1.0,42.43602135,33.16190566105682
6047.0,0.9824282839152723,-1.5429384475030972,-0.1540992686022384,-0.5605101635878285,2.5253667314183694,0.007243997062634583,1.0,40.27621919,33.1613127533795
6057.0,1.224196212715686,-1.594295854756215,-0.1540027425300993,-0.37009964204054313,2.818492067471901,0.0072910548001332955,1.0,40.15804944,33.16079399731341
6068.0,1.3734014196716267,-1.6552352601873732,-0.15389847552946534,-0.2818338405157448,3.028636679859,0.007349110226845803,1.0,40.61942939,33.160337412349016
6078.0,1.2175711553435242,-1.5894284572079371,-0.154238179114134,-0.37185730186441646,2.8069996125514614,0.0072882454024610355,1.0,40.12549167,33.15993104241913
6088.0,1.7898280146066092,-1.878698911264486,-0.15334428574718448,-0.0888708966578804,3.6685269258710953,0.0075685196958542094,1.0,43.03694063,33.15956358192352
6098.0,0.7585082624448809,-1.447993416198189,-0.15499382627449768,-0.68948515375331,2.20650167864307,0.00716222262072692,1.0,39.64430481,33.15922486826417
6109.0,1.441348349478119,-1.6858792769948892,-0.15421087721464663,-0.2445309275167773,3.127227626473008,0.0073819771202338486,1.0,40.93593048,33.158906209174596
6119.0,1.3098061736699158,-1.6458567020451245,-0.15445563935224385,-0.33605052837520333,2.9556628757150403,0.00734521512465308,1.0,40.79140623,33.15860053171616
6129.0,1.6333249881443095,-1.8245405353966468,-0.15393783842288217,-0.19121554725234802,3.4578655235409563,0.00751888098425746,1.0,42.74317852,33.15830236083587
6140.0,0.8624543399488189,-1.4708020512855793,-0.15531485444744567,-0.608347711336755,2.333256391234398,0.007185810944756171,1.0,39.64631245,33.15800765580921
6150.0,1.3749754618201102,-1.6380755776710387,-0.15477480557151818,-0.26310011585093207,3.013051039491149,0.007339773957708101,1.0,40.40813606,33.15771354905156
6160.0,1.4043480669083692,-1.667878526103019,-0.15476809274098685,-0.2635304591946479,3.072226593011388,0.007369134064247563,1.0,40.83062574,33.15741804044126
6170.0,1.131734578085009,-1.5494699787897677,-0.15528867030712878,-0.4177354007047569,2.6812045568747767,0.007258990258201478,1.0,39.90031709,33.15711969977369
6181.0,1.3247468005885068,-1.6147601346486908,-0.15514881355590185,-0.29001333406018404,2.9395069352371976,0.007320217502353424,1.0,40.24168067,33.156817420838635
6191.0,1.199301378787581,-1.558681622534067,-0.15544325563473063,-0.359380243746493,2.757983001321648,0.0072686107470602826,1.0,39.79847778,33.15651025565823
6201.0,1.4183075176421411,-1.6514767256200216,-0.1552038642330008,-0.23316920797788043,3.0697842432621627,0.00735631241584463,1.0,40.51953736,33.156197340597544
6212.0,1.2434073682384046,-1.5867485133406305,-0.15554006594688877,-0.34334114510222946,2.830155881579035,0.0072965669576028295,1.0,40.12614776,33.155877910920324
6222.0,1.7766739840888022,-1.8625835261668282,-0.15467727150591215,-0.08590954207803492,3.6392575102556304,0.0075638464166355055,1.0,42.95117537,33.1555513888672
6232.0,0.7886553614943566,-1.4532496069506777,-0.15624993912282176,-0.6645942454563212,2.2419049684450343,0.007177392305735373,1.0,39.75706436,33.155217522827336
6243.0,1.3313938065789799,-1.62214096880302,-0.15569765032916372,-0.2907471622240436,2.953534775382,0.007332099464039219,1.0,40.41342904,33.15487655129184
6253.0,1.146733251431506,-1.5360530962252366,-0.15609504715284675,-0.3893198447937323,2.6827863476567426,0.007252351119529476,1.0,39.69222491,33.154529364614525
6263.0,1.5492562248977393,-1.7113664917704625,-0.15555790293835423,-0.16211026687273034,3.260622716668202,0.007418217198807163,1.0,41.1112,33.154177639532435
6273.0,1.52640327325771,-1.762071423943274,-0.15548306541897083,-0.23566815068556224,3.288474697200984,0.0074689993698614406,1.0,42.18448917,33.153823924714004
6284.0,0.9857425873686161,-1.5125285177693115,-0.15648102811839315,-0.5267859304006919,2.4982711051379276,0.007234205505826677,1.0,39.99659191,33.15347165905531
6294.0,1.3237191402080555,-1.6174611396901284,-0.15616526177370482,-0.2937419994820729,2.941180279898184,0.007331207482057451,1.0,40.41314022,33.15312510780179
